{"insightID":"01430e60-4043-4a3f-952c-04855c7f07e6","pixelReturn":[{"pixelExpression":"CachedPanel ( \"0\" ) ;","isMeta":false,"output":{"panelId":"0","view":"visualization","viewOptions":"{\"type\":\"standard\"}","config":{"type":"STANDARD","opacity":100.0},"viewOptionsMap":{"federate-view":{"app_id":"ec40eeae-0a36-4263-93b8-9098b033eff1"},"visualization":{"type":"standard"}},"ornaments":{},"events":{"onSingleClick":{"Unfilter":[{"disabledVisuals":["Grid","Sunburst"],"default":true,"query":"UnfilterFrame(<SelectedColumn>);","options":{},"refresh":false,"disabled":false,"panel":""}]},"onBrush":{"Filter":[{"default":true,"query":"if(IsEmpty(<SelectedValues>), UnfilterFrame(<SelectedColumn>), SetFrameFilter(<SelectedColumn>==<SelectedValues>));","options":{},"refresh":false,"disabled":false,"panel":""}]}},"grf":[],"orderBys":[],"comments":{},"position":{},"colorByValue":{}},"operationType":["CACHED_PANEL"]},{"pixelExpression":"CachedPanel ( \"1\" ) ;","isMeta":false,"output":{"panelId":"1","view":"visualization","viewOptions":"{\"type\":\"echarts\"}","config":{"type":"STANDARD","opacity":100.0},"viewOptionsMap":{"federate-view":{"app_id":"ec40eeae-0a36-4263-93b8-9098b033eff1"},"visualization":{"type":"echarts"}},"ornaments":{},"events":{"onSingleClick":{"Unfilter":[{"disabledVisuals":["Grid","Sunburst"],"default":true,"query":"UnfilterFrame(<SelectedColumn>);","options":{},"refresh":false,"disabled":false,"panel":""}]},"onBrush":{"Filter":[{"default":true,"query":"if(IsEmpty(<SelectedValues>), UnfilterFrame(<SelectedColumn>), SetFrameFilter(<SelectedColumn>==<SelectedValues>));","options":{},"refresh":false,"disabled":false,"panel":""}]}},"grf":[],"orderBys":[],"comments":{},"position":{},"colorByValue":{}},"operationType":["CACHED_PANEL"]},{"pixelExpression":"if ( ( HasDuplicates ( Institution_Name , Lat , Long_1 ) ) , ( Select ( Institution_Name , Lat , Long_1 ) .as ( [ Institution_Name , Lat , Long_1 ] ) | With ( Panel ( 0 ) ) | Format ( type = [ 'table' ] ) | TaskOptions ( { \"0\" : { \"layout\" : \"Map\" , \"alignment\" : { \"label\" : [ \"Institution_Name\" ] , \"latitude\" : [ \"Lat\" ] , \"longitude\" : [ \"Long_1\" ] , \"size\" : [ ] , \"color\" : [ ] , \"facet\" : [ ] , \"tooltip\" : [ ] } } } ) | Collect ( 500 ) ) , ( Select ( Institution_Name , Lat , Long_1 ) .as ( [ Institution_Name , Lat , Long_1 ] ) | With ( Panel ( 0 ) ) | Format ( type = [ 'table' ] ) | TaskOptions ( { \"0\" : { \"layout\" : \"Map\" , \"alignment\" : { \"label\" : [ \"Institution_Name\" ] , \"latitude\" : [ \"Lat\" ] , \"longitude\" : [ \"Long_1\" ] , \"size\" : [ ] , \"color\" : [ ] , \"facet\" : [ ] , \"tooltip\" : [ ] } } } ) | Collect ( 500 ) ) ) ;","isMeta":false,"output":{"data":{"values":[["AI_Miami_International_University_of_Art_and_Design",25.790008,-80.18839],["ASA_College",40.692405,-73.986027],["Abilene_Christian_University",32.468943,-99.709797],["Abraham_Baldwin_Agricultural_College",31.481889,-83.528281],["Academy_of_Art_University",37.787748,-122.400686],["Adams_State_University",37.473636,-105.879642],["Adelphi_University",40.721439,-73.653321],["Adirondack_Community_College",43.351839,-73.654813],["Adrian_College",41.898591,-84.061481],["Advanced_Technology_Institute",36.841381,-76.182268],["Adventist_University_of_Health_Sciences",28.576142,-81.367687],["Advertising_Art_Educational_Services_DBA_School_of_Advertising_Art",39.681305,-84.134269],["Agnes_Scott_College",33.769268,-84.295459],["Aims_Community_College",40.409559,-104.763415],["Alabama_A_&_M_University",34.783368,-86.568502],["Alabama_State_University",32.364317,-86.295677],["Alaska_Pacific_University",61.190968,-149.804168],["Albany_College_of_Pharmacy_and_Health_Sciences",42.650371,-73.779063],["Albany_State_University",31.56928,-84.141825],["Albertus_Magnus_College",41.332519,-72.923848],["Albion_College",42.245049,-84.745639],["Albright_College",40.361351,-75.909742],["Alcorn_State_University",31.877216,-91.142854],["Alderson_Broaddus_University",39.158067,-80.047728],["Alexandria_Technical_&_Community_College",45.873107,-95.372369],["Alfred_University",42.254476,-77.788106],["Alice_Lloyd_College",37.335087,-82.875068],["Allan_Hancock_College",34.943716,-120.421144],["Allegany_College_of_Maryland",39.652152,-78.730398],["Allegheny_College",41.64869,-80.147168],["Allen_County_Community_College",37.938038,-95.396377],["Allen_University",34.010348,-81.020045],["Alma_College",43.38004,-84.672053],["Alvernia_University",40.310028,-75.936754],["Alverno_College",42.982842,-87.965174],["Alvin_Community_College",29.396244,-95.240671],["Amarillo_College",35.18841,-101.847104],["American_Academy_of_Art",41.87742,-87.624788],["American_Academy_of_Dramatic_Arts-Los_Angeles",34.095378,-118.343701],["American_Academy_of_Dramatic_Arts-New_York",40.745545,-73.984843],["American_International_College",42.112708,-72.558507],["American_Jewish_University",34.128099,-118.471764],["American_Public_University_System",39.287826,-77.860121],["American_River_College",38.649734,-121.346012],["American_University",38.936005,-77.088875],["American_University_of_Health_Sciences",33.796849,-118.171366],["American_University_of_Puerto_Rico",18.434072,-66.478655],["Amherst_College",42.372459,-72.518493],["Amridge_University",32.362609,-86.17401],["Ancilla_College",41.337958,-86.445263],["Anderson_University_Indiana",40.112768,-85.664315],["Anderson_University_South_Carolina",34.5152,-82.640358],["Andrew_College",31.772321,-84.795021],["Andrews_University",41.963859,-86.355815],["Angelo_State_University",31.440914,-100.465051],["Anna_Maria_College",42.33055,-71.918961],["Anne_Arundel_Community_College",39.049813,-76.512223],["Anoka-Ramsey_Community_College",45.172978,-93.351697],["Anoka_Technical_College",45.216709,-93.416087],["Antonelli_College-Hattiesburg",31.349549,-89.335692],["Antonelli_College-Jackson",32.328918,-90.12297],["Apex_School_of_Theology",35.922645,-78.841386],["Appalachian_Bible_College",37.853335,-81.198867],["Appalachian_State_University",36.215536,-81.680583],["Aquinas_College",42.96019,-85.628785],["Arapahoe_Community_College",39.607505,-105.018631],["Arcadia_University",40.092606,-75.163876],["Argosy_University-Atlanta",33.920309,-84.355456],["Argosy_University-Chicago",41.886006,-87.623772],["Argosy_University-Dallas",32.928188,-96.823294],["Argosy_University-Nashville",36.154664,-86.634674],["Argosy_University-Orange_County",33.779031,-117.897077],["Argosy_University-Phoenix",33.566817,-112.107494],["Argosy_University-Sarasota",27.351394,-82.465363],["Argosy_University-The_Art_Institute_of_California-Hollywood",34.166753,-118.37528],["Argosy_University-The_Art_Institute_of_California-Inland_Empire",34.071827,-117.270965],["Argosy_University-The_Art_Institute_of_California-Orange_County",33.697014,-117.916303],["Argosy_University-The_Art_Institute_of_California-Sacramento",38.62211,-121.519083],["Argosy_University-The_Art_Institute_of_California-San_Diego",32.778278,-117.155395],["Argosy_University-The_Art_Institute_of_California-San_Francisco",37.780569,-122.413417],["Argosy_University-Twin_Cities",44.837291,-93.173867],["Arizona_Christian_University",33.595117,-112.026211],["Arizona_State_University-Downtown_Phoenix",33.452914,-112.07347],["Arizona_State_University-Polytechnic",33.307142,-111.677225],["Arizona_State_University-Skysong",33.463786,-111.923861],["Arizona_State_University-Tempe",33.417721,-111.934383],["Arizona_State_University-West",33.60726,-112.160021],["Arizona_Western_College",32.689306,-114.495968],["Arkansas_Baptist_College",34.734751,-92.290555],["Arkansas_Northeastern_College",35.898597,-89.921005],["Arkansas_State_University-Beebe",35.074176,-91.895351],["Arkansas_State_University-Main_Campus",35.842388,-90.679988],["Arkansas_Tech_University",35.293237,-93.13562],["Arlington_Baptist_University",32.739489,-97.156024],["Armstrong_State_University",31.979073,-81.161803],["Art_Academy_of_Cincinnati",39.108805,-84.513913],["Art_Center_College_of_Design",34.169031,-118.185102],["Asbury_University",37.862029,-84.662606],["Asheville-Buncombe_Technical_Community_College",35.570439,-82.554826],["Ashland_Community_and_Technical_College",38.469201,-82.650664],["Ashland_University",40.861755,-82.321061],["Asnuntuck_Community_College",41.998409,-72.570177],["Assumption_College",42.295435,-71.828387],["Atlantic_Cape_Community_College",39.462081,-74.680019],["Atlantic_University_College",18.357395,-66.111714],["Auburn_University",32.599378,-85.488258],["Auburn_University_at_Montgomery",32.36736,-86.177544],["Augsburg_University",44.966307,-93.240436],["Augusta_University",33.47037,-81.989071],["Augustana_College",41.502365,-90.55057],["Augustana_University",43.525148,-96.736975],["Aultman_College_of_Nursing_and_Health_Sciences",40.796186,-81.404053],["Aurora_University",41.753631,-88.349023],["Austin_College",33.646307,-96.598772],["Austin_Community_College_District",30.322744,-97.712505],["Austin_Peay_State_University",36.533319,-87.354081],["Ave_Maria_University",26.335983,-81.438945],["Averett_University",36.577287,-79.413203],["Averett_University-Non-Traditional_Programs",36.577257,-79.413195],["Avila_University",38.91339,-94.591758],["Azusa_Pacific_University",34.130047,-117.888375],["Azusa_Pacific_University_College",34.110723,-117.827484],["Babson_College",42.299958,-71.265585],["Bacone_College",35.777082,-95.334046],["Bainbridge_State_College",30.899474,-84.535049],["Baker_College",42.974764,-83.694679],["Baker_University",38.777278,-95.188231],["Baldwin_Wallace_University",41.373017,-81.851145],["Ball_State_University",40.203431,-85.409043],["Baptist_Bible_College",37.239696,-93.284286],["Baptist_Health_College-Little_Rock",34.713115,-92.40692],["Baptist_Memorial_College_of_Health_Sciences",35.138415,-90.027501],["Baptist_University_of_the_Americas",29.34998,-98.546081],["Barclay_College",37.62012,-99.105351],["Bard_College",42.020386,-73.909927],["Bard_College_at_Simons_Rock",42.209241,-73.380008],["Barnard_College",40.810098,-73.963346],["Barry_University",25.878908,-80.198925],["Barton_College",35.734376,-77.913867],["Barton_County_Community_College",38.403529,-98.731648],["Bates_College",44.105299,-70.203333],["Bates_Technical_College",47.251743,-122.44683],["Baton_Rouge_Community_College",30.448276,-91.137935],["Bay_Path_University",42.055364,-72.583974],["Bay_State_College",42.35176,-71.076991],["Bay_de_Noc_Community_College",45.772586,-87.085228],["Baylor_University",31.54896,-97.117641],["Beacon_College",28.811281,-81.87415],["Beaufort_County_Community_College",35.533587,-76.96535],["Becker_College",42.26918,-71.811895],["Beckfield_College-Tri-County",39.29671,-84.478867],["Bel-Rea_Institute_of_Animal_Technology",39.686194,-104.876207],["Belanger_School_of_Nursing",42.802979,-73.915884],["Belhaven_University",32.318415,-90.169228],["Bellarmine_University",38.219279,-85.704997],["Bellevue_University",41.150225,-95.91764],["Bellin_College",44.468277,-87.921722],["Belmont_Abbey_College",35.260651,-81.041315],["Belmont_College",40.07695,-80.964901],["Belmont_University",36.133866,-86.794715],["Beloit_College",42.504022,-89.029285],["Bemidji_State_University",47.482341,-94.874119],["Benedict_College",34.012941,-81.020403],["Benedictine_College",39.572646,-95.111473],["Benedictine_University",41.777569,-88.097307],["Bennett_College",36.067531,-79.77998],["Bennington_College",42.919547,-73.237799],["Bentley_University",42.388798,-71.220148],["Berea_College",37.57202,-84.292893],["Bergen_Community_College",40.951782,-74.088804],["Berkeley_City_College",37.869769,-122.269877],["Berkeley_College-New_York",40.753986,-73.979458],["Berkeley_College-Woodland_Park",40.898587,-74.189483],["Berklee_College_of_Music",42.346646,-71.089405],["Berks_Technical_Institute",40.344627,-75.978873],["Berkshire_Community_College",42.460877,-73.318843],["Berry_College",34.290414,-85.189202],["Bethany_College_Kansas",38.580598,-97.67367],["Bethany_College_West_Virginia",40.205819,-80.560056],["Bethany_Lutheran_College",44.166649,-93.990805],["Bethel_College-Indiana",41.678399,-86.194686],["Bethel_College-North_Newton",38.075169,-97.343256],["Bethel_University_Minnesota",45.057655,-93.161663],["Bethel_University_Tennessee",36.137848,-88.516762],["Bethesda_University",33.842295,-117.941323],["Bethune-Cookman_University",29.207195,-81.032946],["Beulah_Heights_University",33.736993,-84.35768],["Big_Bend_Community_College",47.183651,-119.325678],["Big_Sandy_Community_and_Technical_College",37.688248,-82.778847],["Binghamton_University",42.087868,-75.966889],["Biola_University",33.906203,-118.014374],["Birmingham_Southern_College",33.513774,-86.850552],["Black_Hawk_College",41.477283,-90.447799],["Black_Hills_State_University",44.494889,-103.870966],["Black_River_Technical_College",36.239793,-90.951033],["Blackburn_College",39.287896,-89.870241],["Blackhawk_Technical_College",42.593159,-89.016254],["Bladen_Community_College",34.644691,-78.731119],["Blinn_College",30.159713,-96.409677],["Bloomfield_College",40.795105,-74.194309],["Bloomsburg_University_of_Pennsylvania",41.00782,-76.447844],["Blue_Mountain_College",34.67209,-89.02924],["Blue_Mountain_Community_College",45.677313,-118.816944],["Blue_Ridge_Community_College_North_Carolina",35.30804,-82.425544],["Blue_Ridge_Community_College_Virginia",38.279075,-78.937471],["Blue_Ridge_Community_and_Technical_College",39.43529,-78.001918],["Bluefield_College",37.244557,-81.246233],["Bluefield_State_College",37.265732,-81.239037],["Bluegrass_Community_and_Technical_College",38.024808,-84.503665],["Bluffton_University",40.895606,-83.899439],["Bob_Jones_University",34.874016,-82.365838],["Boise_Bible_College",43.658651,-116.291321],["Boise_State_University",43.604284,-116.203301],["Bossier_Parish_Community_College",32.539551,-93.646881],["Boston_Baptist_College",42.254037,-71.1103],["Boston_College",42.336213,-71.169242],["Boston_University",42.351118,-71.107942],["Bowdoin_College",43.907134,-69.963942],["Bowie_State_University",39.018185,-76.759721],["Bowling_Green_State_University-Firelands",41.397521,-82.594156],["Bowling_Green_State_University-Main_Campus",41.375513,-83.640896],["Bradford_School",40.433485,-80.004806],["Bradley_University",40.696896,-89.616786],["Brandeis_University",42.364947,-71.254716],["Brenau_University",34.303117,-83.821513],["Brescia_University",37.769041,-87.111639],["Brevard_College",35.236763,-82.729494],["Brewton-Parker_College",32.185718,-82.586136],["Briar_Cliff_University",42.526443,-96.428444],["Bridgewater_College",38.378484,-78.969007],["Bridgewater_State_University",41.98749,-70.974553],["Brigham_Young_University-Hawaii",21.642074,-157.926586],["Brigham_Young_University-Idaho",43.818408,-111.782431],["Brigham_Young_University-Provo",40.250851,-111.649281],["Bristol_Community_College",41.721994,-71.119133],["Brookdale_Community_College",40.324906,-74.132746],["Brookhaven_College",32.928237,-96.85016],["Brown_College_of_Court_Reporting",33.784769,-84.389979],["Brown_University",41.82617,-71.40385],["Bryan_College-Dayton",35.497209,-84.999552],["Bryan_College_of_Health_Sciences",40.796768,-96.651532],["Bryant_&_Stratton_College-Henrietta",43.084122,-77.602378],["Bryant_&_Stratton_College-Milwaukee",43.039176,-87.915286],["Bryant_&_Stratton_College-Syracuse",43.058795,-76.136679],["Bryant_University",41.920092,-71.539547],["Bryn_Athyn_College_of_the_New_Church",40.134393,-75.060808],["Bryn_Mawr_College",40.02736,-75.313223],["Bucknell_University",40.954317,-76.882616],["Bucks_County_Community_College",40.239102,-74.965841],["Buena_Vista_University",42.642255,-95.208529],["Bunker_Hill_Community_College",42.374806,-71.069263],["Butler_Community_College",37.806699,-96.882987],["Butler_County_Community_College",40.829364,-79.911433],["Butler_University",39.8374,-86.172167],["Butte_College",39.649782,-121.644831],["CUNY_Bernard_M_Baruch_College",40.740238,-73.983417],["CUNY_Borough_of_Manhattan_Community_College",40.71879,-74.011826],["CUNY_Bronx_Community_College",40.858112,-73.912043],["CUNY_Brooklyn_College",40.631517,-73.949898],["CUNY_City_College",40.819846,-73.948542],["CUNY_Hostos_Community_College",40.81812,-73.926759],["CUNY_Hunter_College",40.768669,-73.964795],["CUNY_John_Jay_College_of_Criminal_Justice",40.770351,-73.98841],["CUNY_Kingsborough_Community_College",40.577222,-73.935812],["CUNY_LaGuardia_Community_College",40.7445,-73.935057],["CUNY_Lehman_College",40.872962,-73.895379],["CUNY_Medgar_Evers_College",40.666256,-73.957076],["CUNY_New_York_City_College_of_Technology",40.695483,-73.987856],["CUNY_Queens_College",40.735182,-73.816098],["CUNY_Queensborough_Community_College",40.755481,-73.756656],["CUNY_York_College",40.701576,-73.796313],["Cabarrus_College_of_Health_Sciences",35.440038,-80.600824],["Cabrillo_College",36.989448,-121.924797],["Cabrini_University",40.056355,-75.375263],["Cairn_University-Langhorne",40.165809,-74.909509],["Caldwell_Community_College_and_Technical_Institute",35.854604,-81.484148],["Caldwell_University",40.832753,-74.272571],["California_Baptist_University",33.929321,-117.425619],["California_College_of_the_Arts",37.767485,-122.399451],["California_Institute_of_Technology",34.137349,-118.125878],["California_Institute_of_the_Arts",34.39327,-118.566837],["California_Lutheran_University",34.224566,-118.878924],["California_Polytechnic_State_University-San_Luis_Obispo",35.299513,-120.657311],["California_State_Polytechnic_University-Pomona",34.054273,-117.819019],["California_State_University-Bakersfield",35.350005,-119.104711],["California_State_University-Channel_Islands",34.162949,-119.04356],["California_State_University-Chico",39.729712,-121.844859],["California_State_University-Dominguez_Hills",33.864766,-118.255917],["California_State_University-East_Bay",37.65707,-122.058073],["California_State_University-Fresno",36.814477,-119.748258],["California_State_University-Fullerton",33.881506,-117.885446],["California_State_University-Long_Beach",33.782818,-118.11204],["California_State_University-Los_Angeles",34.066927,-118.168965],["California_State_University-Monterey_Bay",36.652397,-121.796178],["California_State_University-Northridge",34.240126,-118.529319],["California_State_University-Sacramento",38.559415,-121.423549],["California_State_University-San_Bernardino",34.182622,-117.323801],["California_State_University-San_Marcos",33.130569,-117.159013],["California_State_University-Stanislaus",37.52577,-120.852511],["California_State_University_Maritime_Academy",38.069061,-122.231551],["California_University_of_Pennsylvania",40.064964,-79.88679],["Calumet_College_of_Saint_Joseph",41.671008,-87.494123],["Calvary_University",38.839578,-94.547927],["Calvin_College",42.929916,-85.587548],["Cambridge_College",42.381091,-71.072646],["Camden_County_College",39.784874,-75.038381],["Cameron_University",34.606487,-98.434163],["Campbell_University",35.409149,-78.738238],["Campbellsville_University",37.343342,-85.348943],["Canada_College",37.44877,-122.265398],["Canisius_College",42.925206,-78.852577],["Cape_Cod_Community_College",41.69192,-70.337334],["Cape_Fear_Community_College",34.240624,-77.948306],["Capella_University",44.976286,-93.268796],["Capital_Community_College",41.768397,-72.672734],["Capital_University",39.954875,-82.937867],["Capitol_Technology_University",39.046673,-76.850231],["Cardinal_Stritch_University",43.139752,-87.909045],["Caribbean_University-Bayamon",18.383136,-66.168315],["Caribbean_University-Carolina",18.380193,-65.960036],["Caribbean_University-Ponce",18.006633,-66.59425],["Carl_Albert_State_College",35.039173,-94.633986],["Carl_Sandburg_College",40.98128,-90.408203],["Carleton_College",44.462318,-93.154666],["Carlos_Albizu_University-Miami",25.794178,-80.356315],["Carlos_Albizu_University-San_Juan",18.466573,-66.113908],["Carlow_University",40.439293,-79.963448],["Carnegie_Mellon_University",40.44357,-79.941993],["Carolinas_College_of_Health_Sciences",35.200295,-80.838535],["Carroll_College",46.600771,-112.040285],["Carroll_University",43.004527,-88.228114],["Carson-Newman_University",36.122934,-83.491709],["Carteret_Community_College",34.723681,-76.755538],["Carthage_College",42.622969,-87.820924],["Case_Western_Reserve_University",41.507419,-81.609596],["Casper_College",42.832788,-106.326712],["Castleton_University",43.608397,-73.180842],["Catawba_College",35.691443,-80.482751],["Catawba_Valley_Community_College",35.699732,-81.28792],["Catholic_University_of_America",38.933651,-76.997909],["Cayuga_County_Community_College",42.943726,-76.542867],["Cazenovia_College",42.932489,-75.854882],["Cecil_College",39.642225,-75.955949],["Cedar_Crest_College",40.586318,-75.519221],["Cedar_Valley_College",32.625686,-96.763421],["Cedarville_University",39.749237,-83.814692],["Centenary_College_of_Louisiana",32.483335,-93.730834],["Centenary_University",40.84764,-74.833644],["Central_Alabama_Community_College",32.92478,-85.945266],["Central_Arizona_College",32.957092,-111.652501],["Central_Baptist_College",35.083838,-92.445021],["Central_Carolina_Technical_College",33.933342,-80.37101],["Central_Christian_College_of_Kansas",38.357978,-97.668597],["Central_Christian_College_of_the_Bible",39.395963,-92.427259],["Central_College",41.401539,-92.922199],["Central_Community_College",40.889582,-98.372549],["Central_Connecticut_State_University",41.692502,-72.765991],["Central_Lakes_College-Brainerd",46.345863,-94.214266],["Central_Maine_Community_College",44.134346,-70.235498],["Central_Methodist_University-College_of_Graduate_and_Extended_Studies",39.150497,-92.685253],["Central_Methodist_University-College_of_Liberal_Arts_and_Sciences",39.150497,-92.685253],["Central_Michigan_University",43.591203,-84.77525],["Central_New_Mexico_Community_College",35.071878,-106.628861],["Central_Ohio_Technical_College",40.069314,-82.447441],["Central_Oregon_Community_College",44.071401,-121.348585],["Central_Penn_College",40.3049,-76.934461],["Central_State_University",39.715787,-83.880186],["Central_Texas_College",31.120516,-97.810827],["Central_Washington_University",47.002687,-120.538368],["Central_Wyoming_College",43.030556,-108.426738],["Centre_College",37.645709,-84.779392],["Century_College",45.041823,-92.982105],["Cerritos_College",33.88584,-118.097263],["Cerro_Coso_Community_College",35.567525,-117.66767],["Chabot_College",37.642513,-122.106969],["Chadron_State_College",42.8199,-103.001615],["Chaffey_College",34.147663,-117.573932],["Chamberlain_University-Arizona",33.56573,-112.104421],["Chamberlain_University-Florida",30.243517,-81.586421],["Chamberlain_University-Georgia",33.911943,-84.351949],["Chamberlain_University-Illinois",41.949727,-88.038558],["Chamberlain_University-Indiana",39.91916,-86.111061],["Chamberlain_University-Missouri",38.701907,-90.436283],["Chamberlain_University-Ohio",39.940449,-82.940493],["Chaminade_University_of_Honolulu",21.28995,-157.807851],["Champlain_College",44.473287,-73.202746],["Chandler-Gilbert_Community_College",33.293897,-111.795922],["Chapman_University",33.793678,-117.851481],["Charleston_Southern_University",32.983047,-80.072587],["Chatfield_College",39.210369,-83.887153],["Chatham_University",40.448432,-79.926083],["Chattahoochee_Valley_Community_College",32.42391,-85.031485],["Chattanooga_State_Community_College",35.100202,-85.237389],["Chemeketa_Community_College",44.978655,-122.978076],["Chestnut_Hill_College",40.08678,-75.228742],["Cheyney_University_of_Pennsylvania",39.932274,-75.529262],["Chicago_State_University",41.718446,-87.609384],["Chippewa_Valley_Technical_College",44.794867,-91.505675],["Chowan_University",36.436258,-77.099141],["Christian_Brothers_University",35.127437,-89.983241],["Christopher_Newport_University",37.062495,-76.494364],["Cincinnati_Christian_University",39.114169,-84.55408],["Cincinnati_State_Technical_and_Community_College",39.149915,-84.536936],["Cisco_College",32.401132,-98.985206],["Citadel_Military_College_of_South_Carolina",32.797183,-79.958775],["Citrus_College",34.135487,-117.885266],["City_College-Altamonte_Springs",28.663604,-81.402219],["City_College-Hollywood",26.025173,-80.22004],["City_College_of_San_Francisco",37.725953,-122.451155],["City_Colleges_of_Chicago-Harold_Washington_College",41.886067,-87.626596],["City_Colleges_of_Chicago-Kennedy-King_College",41.780253,-87.643425],["City_Colleges_of_Chicago-Malcolm_X_College",41.878092,-87.675321],["City_Colleges_of_Chicago-Richard_J_Daley_College",41.755955,-87.723981],["City_Colleges_of_Chicago-Wilbur_Wright_College",41.958774,-87.787868],["Clackamas_Community_College",45.323185,-122.574272],["Claflin_University",33.498444,-80.854319],["Claremont_McKenna_College",34.102154,-117.711188],["Clarendon_College",34.945076,-100.904577],["Clarion_University_of_Pennsylvania",41.207805,-79.377501],["Clark_Atlanta_University",33.747628,-84.412584],["Clark_State_Community_College",39.896411,-83.799788],["Clark_University",42.249987,-71.823356],["Clarke_University",42.509475,-90.690487],["Clarks_Summit_University",41.495062,-75.685472],["Clarkson_College",41.259165,-95.974847],["Clarkson_University",44.662716,-74.999359],["Clatsop_Community_College",46.183107,-123.823339],["Clayton_State_University",33.594079,-84.328174],["Cleary_University",42.586638,-83.879987],["Clemson_University",34.679381,-82.835114],["Cleveland_Institute_of_Art",41.510435,-81.602416],["Cleveland_Institute_of_Music",41.512444,-81.608878],["Cleveland_State_Community_College",35.20078,-84.87914],["Cleveland_State_University",41.502281,-81.674355],["Clinton_Community_College",44.64841,-73.439739],["Cloud_County_Community_College",39.554199,-97.664147],["Clovis_Community_College",34.402483,-103.165886],["Coahoma_Community_College",34.254417,-90.568469],["Coastal_Alabama_Community_College",30.851343,-87.778193],["Coastal_Bend_College",28.435194,-97.755896],["Coastal_Carolina_University",33.794995,-79.011767],["Coastline_Community_College",33.715634,-117.929143],["Cochise_County_Community_College_District",31.564597,-110.246946],["Coconino_Community_College",35.171328,-111.645631],["Coe_College",41.988263,-91.658192],["Coffeyville_Community_College",37.033814,-95.621374],["Cogswell_College",37.414049,-121.94087],["Coker_College",34.37696,-80.070416],["Colby-Sawyer_College",43.411663,-71.975805],["Colby_College",44.564211,-69.66337],["Colby_Community_College",39.377601,-101.052744],["Colgate_University",42.819475,-75.536346],["College_for_Creative_Studies",42.361839,-83.062352],["College_of_Alameda",37.781017,-122.279303],["College_of_Biblical_Studies-Houston",29.716681,-95.506566],["College_of_Charleston",32.784225,-79.939794],["College_of_Coastal_Georgia",31.182745,-81.485973],["College_of_DuPage",41.841577,-88.071635],["College_of_Eastern_Idaho",43.486041,-111.985519],["College_of_Lake_County",42.354164,-88.012291],["College_of_Marin",37.954897,-122.549149],["College_of_Mount_Saint_Vincent",40.913657,-73.908887],["College_of_Our_Lady_of_the_Elms",42.14179,-72.601541],["College_of_Saint_Benedict",45.561792,-94.319888],["College_of_Saint_Elizabeth",40.78182,-74.438221],["College_of_Saint_Mary",41.240028,-96.021425],["College_of_San_Mateo",37.535698,-122.334801],["College_of_Southern_Idaho",42.579837,-114.473901],["College_of_Southern_Maryland",38.55895,-77.009245],["College_of_St_Joseph",43.600507,-73.000848],["College_of_Staten_Island_CUNY",40.601831,-74.14849],["College_of_William_and_Mary",37.269489,-76.708214],["College_of_the_Albemarle",36.324885,-76.219765],["College_of_the_Atlantic",44.395258,-68.221517],["College_of_the_Canyons",34.403121,-118.569524],["College_of_the_Desert",33.732484,-116.38761],["College_of_the_Holy_Cross",42.238942,-71.808627],["College_of_the_Mainland",29.39581,-94.999602],["College_of_the_Ouachitas",34.378745,-92.821416],["College_of_the_Ozarks",36.616019,-93.238174],["College_of_the_Redwoods",40.698427,-124.195293],["College_of_the_Sequoias",36.322957,-119.314775],["College_of_the_Siskiyous",41.413848,-122.389166],["Collin_County_Community_College_District",33.16241,-96.63894],["Colorado_Christian_University",39.71388,-105.09456],["Colorado_College",38.84886,-104.822697],["Colorado_Mesa_University",39.080643,-108.553275],["Colorado_Mountain_College",39.54636,-107.324441],["Colorado_Northwestern_Community_College",40.081112,-108.790048],["Colorado_School_of_Mines",39.751443,-105.223364],["Colorado_State_University-Fort_Collins",40.574805,-105.080732],["Colorado_State_University-Pueblo",38.30859,-104.579033],["Columbia-Greene_Community_College",42.217613,-73.818113],["Columbia_College_Chicago",41.874261,-87.624667],["Columbia_College_Hollywood",34.17972,-118.538793],["Columbia_College_Missouri",38.957388,-92.326354],["Columbia_College_South_Carolina",34.045581,-81.029967],["Columbia_International_University",34.07551,-81.07443],["Columbia_Southern_University",30.329288,-87.653162],["Columbia_State_Community_College",35.616757,-87.101917]],"headers":["Institution_Name","Lat","Long_1"],"rawHeaders":["INSTITUTION_NAME","LAT","LONG_1"]},"format":{"type":"TABLE"},"headerInfo":[{"alias":"Institution_Name","header":"Institution_Name","type":"STRING","derived":false},{"alias":"Lat","header":"Lat","type":"NUMBER","derived":false},{"alias":"Long_1","header":"Long_1","type":"NUMBER","derived":false}],"sortInfo":[],"numCollected":500,"taskOptions":{"0":{"layout":"Map","alignment":{"size":[],"color":[],"latitude":["Lat"],"tooltip":[],"label":["Institution_Name"],"facet":[],"longitude":["Long_1"]}}},"filterInfo":[],"taskId":"task1"},"operationType":["TASK_DATA"]},{"pixelExpression":"if ( ( HasDuplicates ( Institution_Name ) ) , ( Select ( Institution_Name , Average ( Undergrad_Enrollment ) ) .as ( [ Institution_Name , AverageofUndergrad_Enrollment ] ) | Group ( Institution_Name ) | With ( Panel ( 1 ) ) | Format ( type = [ 'table' ] ) | TaskOptions ( { \"1\" : { \"layout\" : \"Column\" , \"alignment\" : { \"label\" : [ \"Institution_Name\" ] , \"value\" : [ \"AverageofUndergrad_Enrollment\" ] , \"tooltip\" : [ ] , \"facet\" : [ ] } } } ) | Collect ( 500 ) ) , ( Select ( Institution_Name , Undergrad_Enrollment ) .as ( [ Institution_Name , Undergrad_Enrollment ] ) | With ( Panel ( 1 ) ) | Format ( type = [ 'table' ] ) | TaskOptions ( { \"1\" : { \"layout\" : \"Column\" , \"alignment\" : { \"label\" : [ \"Institution_Name\" ] , \"value\" : [ \"Undergrad_Enrollment\" ] , \"tooltip\" : [ ] , \"facet\" : [ ] } } } ) | Collect ( 500 ) ) ) ;","isMeta":false,"output":{"data":{"values":[["AI_Miami_International_University_of_Art_and_Design",1863],["ASA_College",4455],["Abilene_Christian_University",3719],["Abraham_Baldwin_Agricultural_College",3233],["Academy_of_Art_University",8182],["Adams_State_University",1982],["Adelphi_University",5141],["Adirondack_Community_College",3111],["Adrian_College",1621],["Advanced_Technology_Institute",606],["Adventist_University_of_Health_Sciences",1529],["Advertising_Art_Educational_Services_DBA_School_of_Advertising_Art",194],["Agnes_Scott_College",886],["Aims_Community_College",3603],["Alabama_A_&_M_University",4616],["Alabama_State_University",4704],["Alaska_Pacific_University",262],["Albany_College_of_Pharmacy_and_Health_Sciences",901],["Albany_State_University",2576],["Albertus_Magnus_College",1218],["Albion_College",1393],["Albright_College",2291],["Alcorn_State_University",2812],["Alderson_Broaddus_University",972],["Alexandria_Technical_&_Community_College",1546],["Alfred_University",1725],["Alice_Lloyd_College",605],["Allan_Hancock_College",9445],["Allegany_College_of_Maryland",2346],["Allegheny_College",1884],["Allen_County_Community_College",2379],["Allen_University",600],["Alma_College",1414],["Alvernia_University",2225],["Alverno_College",1380],["Alvin_Community_College",3821],["Amarillo_College",9345],["American_Academy_of_Art",297],["American_Academy_of_Dramatic_Arts-Los_Angeles",303],["American_Academy_of_Dramatic_Arts-New_York",310],["American_International_College",1408],["American_Jewish_University",63],["American_Public_University_System",37826],["American_River_College",27680],["American_University",7276],["American_University_of_Health_Sciences",261],["American_University_of_Puerto_Rico",742],["Amherst_College",1846],["Amridge_University",293],["Ancilla_College",554],["Anderson_University_Indiana",1702],["Anderson_University_South_Carolina",2749],["Andrew_College",267],["Andrews_University",1478],["Angelo_State_University",5592],["Anna_Maria_College",1057],["Anne_Arundel_Community_College",11605],["Anoka-Ramsey_Community_College",5433],["Anoka_Technical_College",1565],["Antonelli_College-Hattiesburg",188],["Antonelli_College-Jackson",301],["Apex_School_of_Theology",755],["Appalachian_Bible_College",160],["Appalachian_State_University",16434],["Aquinas_College",1549],["Arapahoe_Community_College",6762],["Arcadia_University",2367],["Argosy_University-Atlanta",457],["Argosy_University-Chicago",169],["Argosy_University-Dallas",232],["Argosy_University-Nashville",135],["Argosy_University-Orange_County",139],["Argosy_University-Phoenix",156],["Argosy_University-Sarasota",115],["Argosy_University-The_Art_Institute_of_California-Hollywood",1031],["Argosy_University-The_Art_Institute_of_California-Inland_Empire",1100],["Argosy_University-The_Art_Institute_of_California-Orange_County",771],["Argosy_University-The_Art_Institute_of_California-Sacramento",525],["Argosy_University-The_Art_Institute_of_California-San_Diego",1118],["Argosy_University-The_Art_Institute_of_California-San_Francisco",629],["Argosy_University-Twin_Cities",1014],["Arizona_Christian_University",684],["Arizona_State_University-Downtown_Phoenix",9232],["Arizona_State_University-Polytechnic",3861],["Arizona_State_University-Skysong",20490],["Arizona_State_University-Tempe",42224],["Arizona_State_University-West",3201],["Arizona_Western_College",6511],["Arkansas_Baptist_College",878],["Arkansas_Northeastern_College",1023],["Arkansas_State_University-Beebe",2826],["Arkansas_State_University-Main_Campus",9128],["Arkansas_Tech_University",8463],["Arlington_Baptist_University",180],["Armstrong_State_University",6180],["Art_Academy_of_Cincinnati",201],["Art_Center_College_of_Design",1897],["Asbury_University",1498],["Asheville-Buncombe_Technical_Community_College",4981],["Ashland_Community_and_Technical_College",2228],["Ashland_University",3559],["Asnuntuck_Community_College",1658],["Assumption_College",2153],["Atlantic_Cape_Community_College",5569],["Atlantic_University_College",1478],["Auburn_University",22095],["Auburn_University_at_Montgomery",4171],["Augsburg_University",2511],["Augusta_University",4860],["Augustana_College",2522],["Augustana_University",1613],["Aultman_College_of_Nursing_and_Health_Sciences",363],["Aurora_University",3784],["Austin_College",1259],["Austin_Community_College_District",31666],["Austin_Peay_State_University",9116],["Ave_Maria_University",1050],["Averett_University",846],["Averett_University-Non-Traditional_Programs",490],["Avila_University",1292],["Azusa_Pacific_University",5770],["Azusa_Pacific_University_College",1332],["Babson_College",2283],["Bacone_College",990],["Bainbridge_State_College",1878],["Baker_College",19247],["Baker_University",1581],["Baldwin_Wallace_University",3228],["Ball_State_University",16260],["Baptist_Bible_College",320],["Baptist_Health_College-Little_Rock",661],["Baptist_Memorial_College_of_Health_Sciences",1056],["Baptist_University_of_the_Americas",231],["Barclay_College",250],["Bard_College",1911],["Bard_College_at_Simons_Rock",360],["Barnard_College",2496],["Barry_University",3461],["Barton_College",979],["Barton_County_Community_College",2146],["Bates_College",1780],["Bates_Technical_College",1027],["Baton_Rouge_Community_College",6718],["Bay_Path_University",1886],["Bay_State_College",884],["Bay_de_Noc_Community_College",1422],["Baylor_University",14309],["Beacon_College",314],["Beaufort_County_Community_College",953],["Becker_College",1951],["Beckfield_College-Tri-County",348],["Bel-Rea_Institute_of_Animal_Technology",411],["Belanger_School_of_Nursing",119],["Belhaven_University",2566],["Bellarmine_University",2569],["Bellevue_University",5464],["Bellin_College",362],["Belmont_Abbey_College",1480],["Belmont_College",842],["Belmont_University",6232],["Beloit_College",1315],["Bemidji_State_University",4413],["Benedict_College",2281],["Benedictine_College",1936],["Benedictine_University",3132],["Bennett_College",400],["Bennington_College",701],["Bentley_University",4155],["Berea_College",1612],["Bergen_Community_College",13483],["Berkeley_City_College",6207],["Berkeley_College-New_York",4238],["Berkeley_College-Woodland_Park",3610],["Berklee_College_of_Music",5972],["Berks_Technical_Institute",895],["Berkshire_Community_College",1666],["Berry_College",2055],["Bethany_College_Kansas",655],["Bethany_College_West_Virginia",633],["Bethany_Lutheran_College",513],["Bethel_College-Indiana",1339],["Bethel_College-North_Newton",459],["Bethel_University_Minnesota",2840],["Bethel_University_Tennessee",4068],["Bethesda_University",293],["Bethune-Cookman_University",3741],["Beulah_Heights_University",351],["Big_Bend_Community_College",1748],["Big_Sandy_Community_and_Technical_College",2835],["Binghamton_University",13578],["Biola_University",4083],["Birmingham_Southern_College",1289],["Black_Hawk_College",3678],["Black_Hills_State_University",2770],["Black_River_Technical_College",1217],["Blackburn_College",587],["Blackhawk_Technical_College",2034],["Bladen_Community_College",997],["Blinn_College",16850],["Bloomfield_College",1941],["Bloomsburg_University_of_Pennsylvania",8713],["Blue_Mountain_College",541],["Blue_Mountain_Community_College",1365],["Blue_Ridge_Community_College_North_Carolina",1658],["Blue_Ridge_Community_College_Virginia",3114],["Blue_Ridge_Community_and_Technical_College",2000],["Bluefield_College",881],["Bluefield_State_College",1337],["Bluegrass_Community_and_Technical_College",8318],["Bluffton_University",789],["Bob_Jones_University",2387],["Boise_Bible_College",134],["Boise_State_University",16045],["Bossier_Parish_Community_College",5893],["Boston_Baptist_College",61],["Boston_College",9593],["Boston_University",16512],["Bowdoin_College",1799],["Bowie_State_University",4632],["Bowling_Green_State_University-Firelands",1315],["Bowling_Green_State_University-Main_Campus",13901],["Bradford_School",356],["Bradley_University",4464],["Brandeis_University",3597],["Brenau_University",1638],["Brescia_University",956],["Brevard_College",697],["Brewton-Parker_College",462],["Briar_Cliff_University",972],["Bridgewater_College",1871],["Bridgewater_State_University",9387],["Brigham_Young_University-Hawaii",2601],["Brigham_Young_University-Idaho",32042],["Brigham_Young_University-Provo",30979],["Bristol_Community_College",7816],["Brookdale_Community_College",11134],["Brookhaven_College",10886],["Brown_College_of_Court_Reporting",233],["Brown_University",6580],["Bryan_College-Dayton",964],["Bryan_College_of_Health_Sciences",569],["Bryant_&_Stratton_College-Henrietta",251],["Bryant_&_Stratton_College-Milwaukee",382],["Bryant_&_Stratton_College-Syracuse",447],["Bryant_University",3443],["Bryn_Athyn_College_of_the_New_Church",293],["Bryn_Mawr_College",1371],["Bucknell_University",3531],["Bucks_County_Community_College",7445],["Buena_Vista_University",1785],["Bunker_Hill_Community_College",11934],["Butler_Community_College",7419],["Butler_County_Community_College",2978],["Butler_University",4235],["Butte_College",10410],["CUNY_Bernard_M_Baruch_College",14858],["CUNY_Borough_of_Manhattan_Community_College",25548],["CUNY_Bronx_Community_College",10260],["CUNY_Brooklyn_College",13380],["CUNY_City_College",12609],["CUNY_Hostos_Community_College",6506],["CUNY_Hunter_College",15632],["CUNY_John_Jay_College_of_Criminal_Justice",12175],["CUNY_Kingsborough_Community_College",11702],["CUNY_LaGuardia_Community_College",16157],["CUNY_Lehman_College",10311],["CUNY_Medgar_Evers_College",6405],["CUNY_New_York_City_College_of_Technology",16040],["CUNY_Queens_College",15426],["CUNY_Queensborough_Community_College",13596],["CUNY_York_College",7140],["Cabarrus_College_of_Health_Sciences",431],["Cabrillo_College",10668],["Cabrini_University",1474],["Cairn_University-Langhorne",725],["Caldwell_Community_College_and_Technical_Institute",2157],["Caldwell_University",1632],["California_Baptist_University",6904],["California_College_of_the_Arts",1516],["California_Institute_of_Technology",979],["California_Institute_of_the_Arts",951],["California_Lutheran_University",2887],["California_Polytechnic_State_University-San_Luis_Obispo",20367],["California_State_Polytechnic_University-Pomona",23611],["California_State_University-Bakersfield",8144],["California_State_University-Channel_Islands",6338],["California_State_University-Chico",16305],["California_State_University-Dominguez_Hills",12666],["California_State_University-East_Bay",13361],["California_State_University-Fresno",21150],["California_State_University-Fullerton",34416],["California_State_University-Long_Beach",32170],["California_State_University-Los_Angeles",24046],["California_State_University-Monterey_Bay",6541],["California_State_University-Northridge",35605],["California_State_University-Sacramento",27884],["California_State_University-San_Bernardino",18317],["California_State_University-San_Marcos",12475],["California_State_University-Stanislaus",8610],["California_State_University_Maritime_Academy",1107],["California_University_of_Pennsylvania",5426],["Calumet_College_of_Saint_Joseph",744],["Calvary_University",194],["Calvin_College",3722],["Cambridge_College",835],["Camden_County_College",9765],["Cameron_University",4117],["Campbell_University",4490],["Campbellsville_University",2224],["Canada_College",5212],["Canisius_College",2488],["Cape_Cod_Community_College",2764],["Cape_Fear_Community_College",7744],["Capella_University",9385],["Capital_Community_College",2928],["Capital_University",2600],["Capitol_Technology_University",420],["Cardinal_Stritch_University",1503],["Caribbean_University-Bayamon",1373],["Caribbean_University-Carolina",391],["Caribbean_University-Ponce",792],["Carl_Albert_State_College",1849],["Carl_Sandburg_College",1475],["Carleton_College",2045],["Carlos_Albizu_University-Miami",210],["Carlos_Albizu_University-San_Juan",274],["Carlow_University",1393],["Carnegie_Mellon_University",6188],["Carolinas_College_of_Health_Sciences",443],["Carroll_College",1342],["Carroll_University",2911],["Carson-Newman_University",1748],["Carteret_Community_College",1247],["Carthage_College",2805],["Case_Western_Reserve_University",5048],["Casper_College",2469],["Castleton_University",1894],["Catawba_College",1276],["Catawba_Valley_Community_College",3438],["Catholic_University_of_America",3220],["Cayuga_County_Community_College",2285],["Cazenovia_College",991],["Cecil_College",2274],["Cedar_Crest_College",1397],["Cedar_Valley_College",6409],["Cedarville_University",3064],["Centenary_College_of_Louisiana",478],["Centenary_University",1490],["Central_Alabama_Community_College",1492],["Central_Arizona_College",4865],["Central_Baptist_College",731],["Central_Carolina_Technical_College",2920],["Central_Christian_College_of_Kansas",827],["Central_Christian_College_of_the_Bible",233],["Central_College",1184],["Central_Community_College",4055],["Central_Connecticut_State_University",9269],["Central_Lakes_College-Brainerd",2020],["Central_Maine_Community_College",2285],["Central_Methodist_University-College_of_Graduate_and_Extended_Studies",1715],["Central_Methodist_University-College_of_Liberal_Arts_and_Sciences",1090],["Central_Michigan_University",19551],["Central_New_Mexico_Community_College",20255],["Central_Ohio_Technical_College",2364],["Central_Oregon_Community_College",5144],["Central_Penn_College",1335],["Central_State_University",1705],["Central_Texas_College",12081],["Central_Washington_University",10492],["Central_Wyoming_College",1047],["Centre_College",1422],["Century_College",7818],["Cerritos_College",19568],["Cerro_Coso_Community_College",4214],["Chabot_College",12598],["Chadron_State_College",2039],["Chaffey_College",19341],["Chamberlain_University-Arizona",674],["Chamberlain_University-Florida",1052],["Chamberlain_University-Georgia",996],["Chamberlain_University-Illinois",15858],["Chamberlain_University-Indiana",264],["Chamberlain_University-Missouri",541],["Chamberlain_University-Ohio",718],["Chaminade_University_of_Honolulu",1651],["Champlain_College",3735],["Chandler-Gilbert_Community_College",8903],["Chapman_University",6338],["Charleston_Southern_University",3190],["Chatfield_College",229],["Chatham_University",786],["Chattahoochee_Valley_Community_College",1424],["Chattanooga_State_Community_College",6939],["Chemeketa_Community_College",9030],["Chestnut_Hill_College",1337],["Cheyney_University_of_Pennsylvania",708],["Chicago_State_University",2352],["Chippewa_Valley_Technical_College",4183],["Chowan_University",1525],["Christian_Brothers_University",1440],["Christopher_Newport_University",4921],["Cincinnati_Christian_University",652],["Cincinnati_State_Technical_and_Community_College",7239],["Cisco_College",3130],["Citadel_Military_College_of_South_Carolina",2693],["Citrus_College",11407],["City_College-Altamonte_Springs",285],["City_College-Hollywood",235],["City_College_of_San_Francisco",19248],["City_Colleges_of_Chicago-Harold_Washington_College",7210],["City_Colleges_of_Chicago-Kennedy-King_College",2537],["City_Colleges_of_Chicago-Malcolm_X_College",4653],["City_Colleges_of_Chicago-Richard_J_Daley_College",3395],["City_Colleges_of_Chicago-Wilbur_Wright_College",6761],["Clackamas_Community_College",6153],["Claflin_University",1904],["Claremont_McKenna_College",1344],["Clarendon_College",1434],["Clarion_University_of_Pennsylvania",4252],["Clark_Atlanta_University",3093],["Clark_State_Community_College",4372],["Clark_University",2248],["Clarke_University",788],["Clarks_Summit_University",500],["Clarkson_College",668],["Clarkson_University",3176],["Clatsop_Community_College",637],["Clayton_State_University",5752],["Cleary_University",472],["Clemson_University",18395],["Cleveland_Institute_of_Art",613],["Cleveland_Institute_of_Music",233],["Cleveland_State_Community_College",2442],["Cleveland_State_University",11752],["Clinton_Community_College",959],["Cloud_County_Community_College",1111],["Clovis_Community_College",1891],["Coahoma_Community_College",1759],["Coastal_Alabama_Community_College",4189],["Coastal_Bend_College",2283],["Coastal_Carolina_University",9460],["Coastline_Community_College",9064],["Cochise_County_Community_College_District",3764],["Coconino_Community_College",2670],["Coe_College",1323],["Coffeyville_Community_College",984],["Cogswell_College",649],["Coker_College",1084],["Colby-Sawyer_College",1066],["Colby_College",1879],["Colby_Community_College",791],["Colgate_University",2868],["College_for_Creative_Studies",1377],["College_of_Alameda",5292],["College_of_Biblical_Studies-Houston",432],["College_of_Charleston",10033],["College_of_Coastal_Georgia",3174],["College_of_DuPage",14398],["College_of_Eastern_Idaho",559],["College_of_Lake_County",10434],["College_of_Marin",4482],["College_of_Mount_Saint_Vincent",1683],["College_of_Our_Lady_of_the_Elms",1155],["College_of_Saint_Benedict",1958],["College_of_Saint_Elizabeth",746],["College_of_Saint_Mary",744],["College_of_San_Mateo",7779],["College_of_Southern_Idaho",4047],["College_of_Southern_Maryland",7232],["College_of_St_Joseph",223],["College_of_Staten_Island_CUNY",12124],["College_of_William_and_Mary",6245],["College_of_the_Albemarle",1813],["College_of_the_Atlantic",332],["College_of_the_Canyons",17933],["College_of_the_Desert",9603],["College_of_the_Holy_Cross",2689],["College_of_the_Mainland",2784],["College_of_the_Ouachitas",710],["College_of_the_Ozarks",1512],["College_of_the_Redwoods",4058],["College_of_the_Sequoias",10581],["College_of_the_Siskiyous",2002],["Collin_County_Community_College_District",24900],["Colorado_Christian_University",4697],["Colorado_College",2084],["Colorado_Mesa_University",8734],["Colorado_Mountain_College",3523],["Colorado_Northwestern_Community_College",625],["Colorado_School_of_Mines",4564],["Colorado_State_University-Fort_Collins",23497],["Colorado_State_University-Pueblo",3953],["Columbia-Greene_Community_College",1183],["Columbia_College_Chicago",7739],["Columbia_College_Hollywood",367],["Columbia_College_Missouri",14790],["Columbia_College_South_Carolina",1452],["Columbia_International_University",491],["Columbia_Southern_University",15411],["Columbia_State_Community_College",4442]],"headers":["Institution_Name","Undergrad_Enrollment"],"rawHeaders":["INSTITUTION_NAME","UNDERGRAD_ENROLLMENT"]},"format":{"type":"TABLE"},"headerInfo":[{"alias":"Institution_Name","header":"Institution_Name","type":"STRING","derived":false},{"alias":"Undergrad_Enrollment","header":"Undergrad_Enrollment","type":"NUMBER","derived":false}],"sortInfo":[],"numCollected":500,"taskOptions":{"1":{"layout":"Column","alignment":{"tooltip":[],"label":["Institution_Name"],"value":["Undergrad_Enrollment"],"facet":[]}}},"filterInfo":[],"taskId":"task5"},"operationType":["TASK_DATA"]}]}