{"insightID":"00898d61-03a0-4268-ac85-12ae0f973dfb","pixelReturn":[{"pixelExpression":"CachedPanel ( \"0\" ) ;","isMeta":false,"output":{"panelId":"0","panelLabel":"Mapping by SAT Score Range","view":"visualization","viewOptions":"{\"type\":\"standard\"}","config":{"type":"STANDARD","opacity":100.0},"viewOptionsMap":{"federate-view":{"app_id":"ec40eeae-0a36-4263-93b8-9098b033eff1"},"visualization":{"type":"standard"}},"ornaments":{"tools":{"shared":{"colorName":"Eight","backgroundColor":"#FFFFFF","color":{}}}},"events":{"onSingleClick":{"filter":[{"disabledVisuals":[],"query":"SetFrameFilter(<SelectedColumn>==<SelectedValues>);","options":{},"refresh":true,"panel":""}],"Unfilter":[{"disabledVisuals":["Grid","Sunburst"],"default":true,"query":"UnfilterFrame(<SelectedColumn>);","options":{},"refresh":false,"disabled":false,"panel":""}]},"onBrush":{"Filter":[{"default":true,"query":"if(IsEmpty(<SelectedValues>), UnfilterFrame(<SelectedColumn>), SetFrameFilter(<SelectedColumn>==<SelectedValues>));","options":{},"refresh":false,"disabled":false,"panel":""}]}},"grf":[],"orderBys":[],"comments":{},"position":{},"colorByValue":{}},"operationType":["CACHED_PANEL"]},{"pixelExpression":"CachedPanel ( \"1\" ) ;","isMeta":false,"output":{"panelId":"1","panelLabel":"Majors Word Cloud","view":"visualization","viewOptions":"{\"type\":\"echarts\"}","config":{"type":"STANDARD","opacity":100.0},"viewOptionsMap":{"federate-view":{"app_id":"ec40eeae-0a36-4263-93b8-9098b033eff1"},"visualization":{"type":"echarts"}},"ornaments":{"tools":{"shared":{"colorName":"Eight","backgroundColor":"#FFFFFF","color":{"UniqueCountofInstitution Name":"#F1433F"}}}},"events":{"onSingleClick":{"Unfilter":[{"disabledVisuals":["Grid","Sunburst"],"default":true,"query":"UnfilterFrame(<SelectedColumn>);","options":{},"refresh":false,"disabled":false,"panel":""}]},"onBrush":{"Filter":[{"default":true,"query":"if(IsEmpty(<SelectedValues>), UnfilterFrame(<SelectedColumn>), SetFrameFilter(<SelectedColumn>==<SelectedValues>));","options":{},"refresh":false,"disabled":false,"panel":""}]}},"grf":[],"orderBys":[],"comments":{},"position":{},"colorByValue":{}},"operationType":["CACHED_PANEL"]},{"pixelExpression":"CachedPanel ( \"2\" ) ;","isMeta":false,"output":{"panelId":"2","panelLabel":"Pie Chart of Locale","view":"visualization","viewOptions":"{\"type\":\"echarts\"}","config":{"type":"STANDARD","opacity":100.0},"viewOptionsMap":{"federate-view":{"app_id":"ec40eeae-0a36-4263-93b8-9098b033eff1"},"visualization":{"type":"echarts"}},"ornaments":{"tools":{"shared":{"colorName":"Eight","backgroundColor":"#FFFFFF","color":{"Rural":"#660066","Suburb":"#F7E967","Town":"#B3CF8B","City":"#F1433F"},"toggleDonut":true}}},"events":{"onSingleClick":{"Unfilter":[{"disabledVisuals":["Grid","Sunburst"],"default":true,"query":"UnfilterFrame(<SelectedColumn>);","options":{},"refresh":false,"disabled":false,"panel":""}]},"onBrush":{"Filter":[{"default":true,"query":"if(IsEmpty(<SelectedValues>), UnfilterFrame(<SelectedColumn>), SetFrameFilter(<SelectedColumn>==<SelectedValues>));","options":{},"refresh":false,"disabled":false,"panel":""}]},"onDoubleClick":{"filter":[{"disabledVisuals":[],"query":"SetFrameFilter(<SelectedColumn>==<SelectedValues>);","options":{},"refresh":true,"panel":""}]}},"grf":[],"orderBys":[],"comments":{},"position":{},"colorByValue":{}},"operationType":["CACHED_PANEL"]},{"pixelExpression":"CachedPanel ( \"3\" ) ;","isMeta":false,"output":{"panelId":"3","panelLabel":"Column Chart of Tuition","view":"visualization","viewOptions":"{\"type\":\"echarts\"}","config":{"type":"STANDARD","opacity":100.0},"viewOptionsMap":{"federate-view":{"app_id":"ec40eeae-0a36-4263-93b8-9098b033eff1"},"visualization":{"type":"echarts"}},"ornaments":{"tools":{"shared":{"toggleLegend":true,"colorName":"Eight","backgroundColor":"#FFFFFF","color":{"AverageofOut of state Tuition":"#660066","AverageofIn state Tuition":"#F1433F"},"toggleAverage":true}}},"events":{"onSingleClick":{"Unfilter":[{"disabledVisuals":["Grid","Sunburst"],"default":true,"query":"UnfilterFrame(<SelectedColumn>);","options":{},"refresh":false,"disabled":false,"panel":""}]},"onBrush":{"Filter":[{"default":true,"query":"if(IsEmpty(<SelectedValues>), UnfilterFrame(<SelectedColumn>), SetFrameFilter(<SelectedColumn>==<SelectedValues>));","options":{},"refresh":false,"disabled":false,"panel":""}]}},"grf":[],"orderBys":[],"comments":{},"position":{},"colorByValue":{}},"operationType":["CACHED_PANEL"]},{"pixelExpression":"CachedPanel ( \"4\" ) ;","isMeta":false,"output":{"panelId":"4","panelLabel":"State_1 Filter","view":"DashboardFilter","config":{"subType":"","type":"COLLAPSIBLE","opacity":100.0},"viewOptionsMap":{"federate-view":{"app_id":"ec40eeae-0a36-4263-93b8-9098b033eff1"},"visualization":{"type":"echarts"}},"ornaments":{"tools":{"shared":{"colorName":"Eight","backgroundColor":"#FFFFFF","color":{"AverageofOut of state Tuition":"#660066","AverageofIn state Tuition":"#F1433F"}}},"dashboardFilter":{"instances":["State_1"],"viewType":"List","singleSelect":"Multi Select"}},"events":{"onSingleClick":{"Unfilter":[{"disabledVisuals":["Grid","Sunburst"],"default":true,"query":"UnfilterFrame(<SelectedColumn>);","options":{},"refresh":false,"disabled":false,"panel":""}]},"onBrush":{"Filter":[{"default":true,"query":"if(IsEmpty(<SelectedValues>), UnfilterFrame(<SelectedColumn>), SetFrameFilter(<SelectedColumn>==<SelectedValues>));","options":{},"refresh":false,"disabled":false,"panel":""}]}},"grf":[],"orderBys":[],"comments":{},"position":{},"colorByValue":{}},"operationType":["CACHED_PANEL"]},{"pixelExpression":"CachedPanel ( \"5\" ) ;","isMeta":false,"output":{"panelId":"5","panelLabel":"Undergrad_Enrollment Filter","view":"DashboardFilter","config":{"subType":"","type":"COLLAPSIBLE","opacity":100.0},"viewOptionsMap":{"federate-view":{"app_id":"ec40eeae-0a36-4263-93b8-9098b033eff1"},"visualization":{"type":"echarts"}},"ornaments":{"tools":{"shared":{"colorName":"Eight","backgroundColor":"#FFFFFF","color":{"AverageofOut of state Tuition":"#660066","AverageofIn state Tuition":"#F1433F"}}},"dashboardFilter":{"instances":["Undergrad_Enrollment"],"viewType":"List","singleSelect":"Multi Select"}},"events":{"onSingleClick":{"Unfilter":[{"disabledVisuals":["Grid","Sunburst"],"default":true,"query":"UnfilterFrame(<SelectedColumn>);","options":{},"refresh":false,"disabled":false,"panel":""}]},"onBrush":{"Filter":[{"default":true,"query":"if(IsEmpty(<SelectedValues>), UnfilterFrame(<SelectedColumn>), SetFrameFilter(<SelectedColumn>==<SelectedValues>));","options":{},"refresh":false,"disabled":false,"panel":""}]}},"grf":[],"orderBys":[],"comments":{},"position":{},"colorByValue":{}},"operationType":["CACHED_PANEL"]},{"pixelExpression":"CachedPanel ( \"6\" ) ;","isMeta":false,"output":{"panelId":"6","panelLabel":"Adm_Rate Filter","view":"DashboardFilter","config":{"subType":"","type":"COLLAPSIBLE","opacity":100.0},"viewOptionsMap":{"federate-view":{"app_id":"ec40eeae-0a36-4263-93b8-9098b033eff1"},"visualization":{"type":"echarts"}},"ornaments":{"tools":{"shared":{"colorName":"Eight","backgroundColor":"#FFFFFF","color":{"AverageofOut of state Tuition":"#660066","AverageofIn state Tuition":"#F1433F"}}},"dashboardFilter":{"instances":["Adm_Rate"],"viewType":"List","singleSelect":"Multi Select"}},"events":{"onSingleClick":{"Unfilter":[{"disabledVisuals":["Grid","Sunburst"],"default":true,"query":"UnfilterFrame(<SelectedColumn>);","options":{},"refresh":false,"disabled":false,"panel":""}]},"onBrush":{"Filter":[{"default":true,"query":"if(IsEmpty(<SelectedValues>), UnfilterFrame(<SelectedColumn>), SetFrameFilter(<SelectedColumn>==<SelectedValues>));","options":{},"refresh":false,"disabled":false,"panel":""}]}},"grf":[],"orderBys":[],"comments":{},"position":{},"colorByValue":{}},"operationType":["CACHED_PANEL"]},{"pixelExpression":"CachedPanel ( \"7\" ) ;","isMeta":false,"output":{"panelId":"7","panelLabel":"Top3Majors Filter","view":"DashboardFilter","config":{"subType":"","type":"COLLAPSIBLE","opacity":100.0},"viewOptionsMap":{"federate-view":{"app_id":"ec40eeae-0a36-4263-93b8-9098b033eff1"},"visualization":{"type":"echarts"}},"ornaments":{"tools":{"shared":{"colorName":"Eight","backgroundColor":"#FFFFFF","color":{"AverageofOut of state Tuition":"#660066","AverageofIn state Tuition":"#F1433F"}}},"dashboardFilter":{"instances":["Top3Majors"],"viewType":"List","singleSelect":"Multi Select"}},"events":{"onSingleClick":{"Unfilter":[{"disabledVisuals":["Grid","Sunburst"],"default":true,"query":"UnfilterFrame(<SelectedColumn>);","options":{},"refresh":false,"disabled":false,"panel":""}]},"onBrush":{"Filter":[{"default":true,"query":"if(IsEmpty(<SelectedValues>), UnfilterFrame(<SelectedColumn>), SetFrameFilter(<SelectedColumn>==<SelectedValues>));","options":{},"refresh":false,"disabled":false,"panel":""}]}},"grf":[],"orderBys":[],"comments":{},"position":{},"colorByValue":{}},"operationType":["CACHED_PANEL"]},{"pixelExpression":"if ( ( HasDuplicates ( Locale_1 ) ) , ( Select ( Locale_1 , UniqueCount ( Institution_Name ) ) .as ( [ Locale_1 , UniqueCountofInstitution_Name ] ) | Group ( Locale_1 ) | With ( Panel ( 2 ) ) | Format ( type = [ 'table' ] ) | TaskOptions ( { \"2\" : { \"layout\" : \"Pie\" , \"alignment\" : { \"label\" : [ \"Locale_1\" ] , \"value\" : [ \"UniqueCountofInstitution_Name\" ] , \"heat\" : [ ] , \"tooltip\" : [ ] , \"facet\" : [ ] } } } ) | Collect ( 500 ) ) , ( Select ( Locale_1 , Count ( Institution_Name ) ) .as ( [ Locale_1 , CountofInstitution_Name ] ) | Group ( Locale_1 ) | With ( Panel ( 2 ) ) | Format ( type = [ 'table' ] ) | TaskOptions ( { \"2\" : { \"layout\" : \"Pie\" , \"alignment\" : { \"label\" : [ \"Locale_1\" ] , \"value\" : [ \"CountofInstitution_Name\" ] , \"heat\" : [ ] , \"tooltip\" : [ ] , \"facet\" : [ ] } } } ) | Collect ( 500 ) ) ) ;","isMeta":false,"output":{"data":{"values":[["City",117],["Rural",2],["Suburb",16]],"headers":["Locale_1","UniqueCountofInstitution_Name"],"rawHeaders":["Locale_1","UniqueCountofInstitution_Name"]},"format":{"type":"TABLE"},"headerInfo":[{"alias":"Locale_1","header":"Locale_1","type":"STRING","derived":false},{"alias":"UniqueCountofInstitution_Name","header":"UniqueCountofInstitution_Name","calculatedBy":"Institution_Name","groupBy":["Locale_1"],"math":"UniqueCount","type":"STRING","derived":true}],"sortInfo":[],"numCollected":500,"taskOptions":{"2":{"layout":"Pie","alignment":{"heat":[],"tooltip":[],"label":["Locale_1"],"value":["UniqueCountofInstitution_Name"],"facet":[]}}},"filterInfo":[],"taskId":"task21"},"operationType":["TASK_DATA"]},{"pixelExpression":"if ( ( HasDuplicates ( Institution_Name ) ) , ( Select ( Institution_Name , Average ( In_state_Tuition ) , Average ( Out_of_state_Tuition ) ) .as ( [ Institution_Name , AverageofIn_state_Tuition , AverageofOut_of_state_Tuition ] ) | Group ( Institution_Name ) | Sort ( columns = [ \"AverageofOut_of_state_Tuition\" ] , sort = [ \"asc\" ] ) | With ( Panel ( 3 ) ) | Format ( type = [ 'table' ] ) | TaskOptions ( { \"3\" : { \"layout\" : \"Column\" , \"alignment\" : { \"label\" : [ \"Institution_Name\" ] , \"value\" : [ \"AverageofIn_state_Tuition\" , \"AverageofOut_of_state_Tuition\" ] , \"tooltip\" : [ ] , \"facet\" : [ ] } } } ) | Collect ( 500 ) ) , ( Select ( Out_of_state_Tuition , In_state_Tuition ) .as ( [ Out_of_state_Tuition , In_state_Tuition ] ) | Sort ( columns = [ \"AverageofOut_of_state_Tuition\" ] , sort = [ \"asc\" ] ) | With ( Panel ( 3 ) ) | Format ( type = [ 'table' ] ) | TaskOptions ( { \"3\" : { \"layout\" : \"Column\" , \"alignment\" : { \"label\" : [ \"Institution_Name\" ] , \"value\" : [ \"In_state_Tuition\" , \"Out_of_state_Tuition\" ] , \"tooltip\" : [ ] , \"facet\" : [ ] } } } ) | Collect ( 500 ) ) ) ;","isMeta":false,"output":{"data":{"values":[["New_Mexico_State_University-Dona_Ana",1632.0,5184.0],["Brigham_Young_University-Provo",5300.0,5300.0],["University_of_South_Alabama",7548.0,14796.0],["Lee_University",15770.0,15770.0],["University_of_Southern_Mississippi",7659.0,16529.0],["University_of_Florida-Online",3876.0,16580.0],["University_of_South_Carolina-Sumter",6702.0,16734.0],["California_State_University-Fresno",6313.0,17473.0],["California_State_University-Fullerton",6560.0,17720.0],["SUNY_College_of_Environmental_Science_and_Forestry",8103.0,17953.0],["California_State_University-Sacramento",6900.0,18060.0],["Texas_Tech_University",8428.0,18220.0],["San_Diego_State_University",7084.0,18244.0],["University_of_Missouri-Kansas_City",7846.0,18886.0],["University_of_North_Dakota",8136.0,19290.0],["University_of_North_Carolina_at_Charlotte",6763.0,19934.0],["Utah_State_University",7426.0,20492.0],["University_of_Nevada-Reno",7142.0,21052.0],["Iowa_State_University",8219.0,21583.0],["Florida_State_University",6507.0,21673.0],["University_of_Houston",9519.0,21711.0],["University_of_North_Carolina_at_Greensboro",6971.0,21833.0],["University_of_Central_Florida",6368.0,22467.0],["East_Carolina_University",6997.0,22955.0],["University_of_Nebraska-Lincoln",8537.0,23058.0],["University_of_Arkansas",8820.0,23168.0],["University_of_Minnesota-Twin_Cities",14142.0,23806.0],["Colorado_State_University-Pueblo",9519.0,24101.0],["University_of_Maryland-Baltimore_County",11264.0,24492.0],["Howard_University",24908.0,24908.0],["Illinois_State_University",14061.0,25168.0],["Arizona_State_University-West",9886.0,25181.0],["Ball_State_University",9654.0,25428.0],["Lesley_University",25875.0,25875.0],["Dallas_Baptist_University",26180.0,26180.0],["University_of_Kentucky",11484.0,26334.0],["North_Carolina_State_University_at_Raleigh",8880.0,26399.0],["Arizona_State_University-Tempe",10370.0,26470.0],["Old_Dominion_University",9750.0,26730.0],["University_at_Buffalo",9574.0,26814.0],["Western_Michigan_University",11493.0,26851.0],["University_of_Utah",8518.0,27039.0],["Temple_University",16274.0,27266.0],["Edgewood_College",27530.0,27530.0],["University_of_Kansas",11455.0,28239.0],["University_of_Florida",6381.0,28659.0],["Nova_Southeastern_University",28736.0,28736.0],["University_of_Iowa",8575.0,28813.0],["Auburn_University",10696.0,28840.0],["Oregon_State_University",10366.0,28846.0],["Rutgers_University-Newark",13829.0,29480.0],["Lipscomb_University",29756.0,29756.0],["Indiana_University-Purdue_University-Indianapolis",9205.0,29791.0],["University_of_Georgia",11634.0,29844.0],["Rutgers_University-New_Brunswick",14372.0,30023.0],["Union_University",30330.0,30330.0],["University_of_Illinois_at_Urbana-Champaign",15058.0,30680.0],["University_of_Massachusetts-Lowell",14307.0,30875.0],["Clarke_University",30900.0,30900.0],["New_Jersey_Institute_of_Technology",16430.0,31034.0],["University_of_St_Thomas_TX",31520.0,31520.0],["University_of_Massachusetts-Boston",13435.0,32023.0],["Virginia_Commonwealth_University",13130.0,32287.0],["University_of_Wisconsin-Madison",10488.0,32738.0],["University_of_Oregon",10761.0,33441.0],["University_of_North_Carolina_at_Chapel_Hill",8834.0,33916.0],["Indiana_University-Bloomington",10388.0,34246.0],["University_of_Arizona",11769.0,34967.0],["Duquesne_University",35062.0,35062.0],["University_of_Colorado_Boulder",11531.0,35079.0],["Mercer_University",35130.0,35130.0],["Suffolk_University",35578.0,35578.0],["Azusa_Pacific_University",36120.0,36120.0],["Biola_University",36696.0,36696.0],["DePaul_University",37626.0,37626.0],["University_of_Hartford",37790.0,37790.0],["Michigan_State_University",14062.0,37890.0],["Marquette_University",38470.0,38470.0],["Rochester_Institute_of_Technology",38568.0,38568.0],["Seattle_Pacific_University",38940.0,38940.0],["University_of_California-Los_Angeles",12920.0,39602.0],["University_of_California-Merced",13262.0,39944.0],["University_of_California-Irvine",13360.0,40042.0],["University_of_California-Berkeley",13509.0,40191.0],["University_of_California-Santa_Cruz",13539.0,40221.0],["University_of_California-Riverside",13581.0,40263.0],["Florida_Institute_of_Technology",40446.0,40446.0],["Yeshiva_University",40670.0,40670.0],["University_of_California-Davis",14046.0,40728.0],["University_of_California-Santa_Barbara",14073.0,40755.0],["University_of_Dayton",40940.0,40940.0],["University_of_Tulsa",41509.0,41509.0],["Baylor_University",42006.0,42006.0],["Loyola_University_Chicago",42032.0,42032.0],["Texas_Christian_University",42670.0,42670.0],["Clark_University",43150.0,43150.0],["Rice_University",43918.0,43918.0],["University_of_San_Francisco",44494.0,44494.0],["University_of_the_Pacific",44588.0,44588.0],["American_University",44853.0,44853.0],["Syracuse_University",45022.0,45022.0],["Illinois_Institute_of_Technology",45214.0,45214.0],["University_of_Michigan-Ann_Arbor",14402.0,45410.0],["Vanderbilt_University",45610.0,45610.0],["Case_Western_Reserve_University",46006.0,46006.0],["University_of_San_Diego",46140.0,46140.0],["University_of_Denver",46422.0,46422.0],["Worcester_Polytechnic_Institute",46994.0,46994.0],["University_of_Miami",47004.0,47004.0],["Harvard_University",47074.0,47074.0],["California_Institute_of_Technology",47577.0,47577.0],["Northeastern_University",47653.0,47653.0],["Emory_University",47954.0,47954.0],["Lehigh_University",48320.0,48320.0],["Massachusetts_Institute_of_Technology",48452.0,48452.0],["Stevens_Institute_of_Technology",48838.0,48838.0],["New_York_University",49062.0,49062.0],["Wake_Forest_University",49308.0,49308.0],["Yale_University",49480.0,49480.0],["University_of_Rochester",50142.0,50142.0],["Boston_University",50240.0,50240.0],["Southern_Methodist_University",50358.0,50358.0],["Johns_Hopkins_University",50410.0,50410.0],["Georgetown_University",50547.0,50547.0],["Rensselaer_Polytechnic_Institute",50797.0,50797.0],["Northwestern_University",50855.0,50855.0],["Drexel_University",51030.0,51030.0],["Brandeis_University",51245.0,51245.0],["Duke_University",51265.0,51265.0],["Brown_University",51366.0,51366.0],["University_of_Pennsylvania",51464.0,51464.0],["George_Washington_University",51950.0,51950.0],["University_of_Southern_California",52283.0,52283.0],["Carnegie_Mellon_University",52310.0,52310.0],["University_of_Chicago",53649.0,53649.0]],"headers":["Institution_Name","AverageofIn_state_Tuition","AverageofOut_of_state_Tuition"],"rawHeaders":["Institution_Name","AverageofIn_state_Tuition","AverageofOut_of_state_Tuition"]},"format":{"type":"TABLE"},"headerInfo":[{"alias":"Institution_Name","header":"Institution_Name","type":"STRING","derived":false},{"alias":"AverageofIn_state_Tuition","header":"AverageofIn_state_Tuition","calculatedBy":"In_state_Tuition","groupBy":["Institution_Name"],"math":"Average","type":"STRING","derived":true},{"alias":"AverageofOut_of_state_Tuition","header":"AverageofOut_of_state_Tuition","calculatedBy":"Out_of_state_Tuition","groupBy":["Institution_Name"],"math":"Average","type":"NUMBER","derived":true}],"sortInfo":[{"alias":"AverageofOut_of_state_Tuition","header":"AverageofOut_of_state_Tuition","dir":"ASC","derived":false}],"numCollected":500,"taskOptions":{"3":{"layout":"Column","alignment":{"tooltip":[],"label":["Institution_Name"],"value":["AverageofIn_state_Tuition","AverageofOut_of_state_Tuition"],"facet":[]}}},"filterInfo":[],"taskId":"task23"},"operationType":["TASK_DATA"]},{"pixelExpression":"if ( ( HasDuplicates ( Institution_Name , Lat , Long_1 , SAT_Range ) ) , ( Select ( Institution_Name , Lat , Long_1 , Average ( Violent_Crime_Rate_Per_100_000_People ) , SAT_Range ) .as ( [ Institution_Name , Lat , Long_1 , AverageofViolent_Crime_Rate_Per_100_000_People , SAT_Range ] ) | Group ( Institution_Name , Lat , Long_1 , SAT_Range ) | With ( Panel ( 0 ) ) | Format ( type = [ 'table' ] ) | TaskOptions ( { \"0\" : { \"layout\" : \"Map\" , \"alignment\" : { \"label\" : [ \"Institution_Name\" ] , \"latitude\" : [ \"Lat\" ] , \"longitude\" : [ \"Long_1\" ] , \"size\" : [ \"AverageofViolent_Crime_Rate_Per_100_000_People\" ] , \"color\" : [ \"SAT_Range\" ] , \"tooltip\" : [ ] } } } ) | Collect ( 500 ) ) , ( Select ( Institution_Name , Lat , Long_1 , Violent_Crime_Rate_Per_100_000_People , SAT_Range ) .as ( [ Institution_Name , Lat , Long_1 , Violent_Crime_Rate_Per_100_000_People , SAT_Range ] ) | With ( Panel ( 0 ) ) | Format ( type = [ 'table' ] ) | TaskOptions ( { \"0\" : { \"layout\" : \"Map\" , \"alignment\" : { \"label\" : [ \"Institution_Name\" ] , \"latitude\" : [ \"Lat\" ] , \"longitude\" : [ \"Long_1\" ] , \"size\" : [ \"Violent_Crime_Rate_Per_100_000_People\" ] , \"color\" : [ \"SAT_Range\" ] , \"tooltip\" : [ ] } } } ) | Collect ( 500 ) ) ) ;","isMeta":false,"output":{"data":{"values":[["American_University",38.936005,-77.088875,1202.6,"High"],["Arizona_State_University-Tempe",33.417721,-111.934383,528.7,"Medium"],["Arizona_State_University-West",33.60726,-112.160021,491.4,"Medium"],["Auburn_University",32.599378,-85.488258,240.9,"Medium"],["Azusa_Pacific_University",34.130047,-117.888375,467.0,"Medium"],["Ball_State_University",40.203431,-85.409043,367.0,"Medium"],["Baylor_University",31.54896,-97.117641,493.8,"Medium"],["Biola_University",33.906203,-118.014374,198.7,"Medium"],["Boston_University",42.351118,-71.107942,706.8,"High"],["Brandeis_University",42.364947,-71.254716,236.5,"High"],["Brigham_Young_University-Provo",40.250851,-111.649281,127.5,"High"],["Brown_University",41.82617,-71.40385,636.9,"High"],["California_Institute_of_Technology",34.137349,-118.125878,310.7,"High"],["California_State_University-Fresno",36.814477,-119.748258,551.2,"Low"],["California_State_University-Fullerton",33.881506,-117.885446,326.5,"Medium"],["California_State_University-Sacramento",38.559415,-121.423549,737.4,"Medium"],["Carnegie_Mellon_University",40.44357,-79.941993,706.2,"High"],["Case_Western_Reserve_University",41.507419,-81.609596,1334.3,"High"],["Clark_University",42.249987,-71.823356,959.4,""],["Clarke_University",42.509475,-90.690487,219.0,"Medium"],["Colorado_State_University-Pueblo",38.30859,-104.579033,730.8,"Medium"],["Dallas_Baptist_University",32.710017,-96.947006,694.2,"Medium"],["DePaul_University",41.877618,-87.62724,903.8,""],["Drexel_University",39.955217,-75.190051,1029.0,"Medium"],["Duke_University",36.001135,-78.937624,786.55,"High"],["Duquesne_University",40.43589,-79.993123,706.2,"Medium"],["East_Carolina_University",35.607186,-77.368291,523.8,"Medium"],["Edgewood_College",43.057059,-89.422884,377.7,"Medium"],["Emory_University",33.790183,-84.325512,1119.6,"High"],["Florida_Institute_of_Technology",28.065815,-80.622893,853.1,"Medium"],["Florida_State_University",30.440756,-84.291921,853.0,"Medium"],["George_Washington_University",38.89923,-77.048363,1202.6,"High"],["Georgetown_University",38.908809,-77.073463,1202.6,"High"],["Harvard_University",42.374471,-71.118313,402.9,"High"],["Howard_University",38.922392,-77.018966,1202.6,"Medium"],["Illinois_Institute_of_Technology",41.8313,-87.627321,903.8,"Medium"],["Illinois_State_University",40.509403,-88.990058,215.9,""],["Indiana_University-Bloomington",39.16609,-86.526559,297.7,"Medium"],["Indiana_University-Purdue_University-Indianapolis",39.772948,-86.172217,1288.0,"Medium"],["Iowa_State_University",42.026212,-93.648504,131.6,"Medium"],["Johns_Hopkins_University",39.328977,-76.621595,1535.9,"High"],["Lee_University",35.166166,-84.870018,881.9,"Medium"],["Lehigh_University",40.606822,-75.380236,315.7,"High"],["Lesley_University",42.38012,-71.117303,402.9,"Medium"],["Lipscomb_University",36.10469,-86.799304,1101.0,"Medium"],["Loyola_University_Chicago",42.000765,-87.656872,903.8,"Medium"],["Marquette_University",43.03903,-87.927961,1596.1,"Medium"],["Massachusetts_Institute_of_Technology",42.360095,-71.092115,402.9,"High"],["Mercer_University",32.831787,-83.648295,628.0,"Medium"],["Michigan_State_University",42.73212,-84.476111,238.2,"Medium"],["New_Jersey_Institute_of_Technology",40.741997,-74.177113,1077.7,"Medium"],["New_Mexico_State_University-Dona_Ana",32.354486,-106.737172,394.7,""],["New_York_University",40.729452,-73.997264,585.8,"High"],["North_Carolina_State_University_at_Raleigh",35.785111,-78.674517,392.3,"High"],["Northeastern_University",42.339992,-71.088782,706.8,"High"],["Northwestern_University",42.050356,-87.679858,304.7,"High"],["Nova_Southeastern_University",26.079337,-80.24248,903.3,"Medium"],["Old_Dominion_University",36.886418,-76.30666,543.0,"Medium"],["Oregon_State_University",44.56395,-123.274723,121.7,"Medium"],["Rensselaer_Polytechnic_Institute",42.729978,-73.676646,664.8,"High"],["Rice_University",29.717897,-95.402035,966.7,"High"],["Rochester_Institute_of_Technology",43.084188,-77.67386,976.0,"Medium"],["Rutgers_University-New_Brunswick",40.498769,-74.446251,685.6,"Medium"],["Rutgers_University-Newark",40.739122,-74.175809,1077.7,"Medium"],["SUNY_College_of_Environmental_Science_and_Forestry",43.034765,-76.138724,940.2,"Medium"],["San_Diego_State_University",32.77525,-117.071228,398.6,"Medium"],["Seattle_Pacific_University",47.650214,-122.361667,598.7,"Medium"],["Southern_Methodist_University",32.845254,-96.784855,694.2,"High"],["Stevens_Institute_of_Technology",40.744776,-74.025334,295.3,"High"],["Suffolk_University",42.358944,-71.061788,706.8,"Medium"],["Syracuse_University",43.040176,-76.136975,940.2,"Medium"],["Temple_University",39.980546,-75.156859,1029.0,""],["Texas_Christian_University",32.709568,-97.361537,525.4,"Medium"],["Texas_Tech_University",33.583448,-101.874783,827.0,"Medium"],["Union_University",35.676896,-88.858524,1478.9,"High"],["University_at_Buffalo",43.000942,-78.789458,1118.6,"Medium"],["University_of_Arizona",32.232672,-110.950815,655.5,""],["University_of_Arkansas",36.070009,-94.176981,514.7,"Medium"],["University_of_California-Berkeley",37.871918,-122.260463,423.6,"High"],["University_of_California-Davis",38.539667,-121.749567,142.6,"Medium"],["University_of_California-Irvine",33.648434,-117.841248,53.2,"Medium"],["University_of_California-Los_Angeles",34.068892,-118.443901,634.8,"High"],["University_of_California-Merced",37.366237,-120.424944,1000.3,"Medium"],["University_of_California-Riverside",33.97246,-117.32741,446.0,"Medium"],["University_of_California-Santa_Barbara",34.416297,-119.846426,403.9,"High"],["University_of_California-Santa_Cruz",36.995584,-122.058801,711.0,"Medium"],["University_of_Central_Florida",28.602159,-81.200889,979.0,"Medium"],["University_of_Chicago",41.787994,-87.599539,903.8,"High"],["University_of_Colorado_Boulder",40.008781,-105.270823,248.4,"Medium"],["University_of_Dayton",39.739547,-84.176113,973.7,"Medium"],["University_of_Denver",39.678005,-104.963259,673.9,"High"],["University_of_Florida",29.64629,-82.347911,669.9,"High"],["University_of_Florida-Online",29.649413,-82.339848,669.9,"Medium"],["University_of_Georgia",33.956262,-83.374039,387.4,"High"],["University_of_Hartford",41.798591,-72.715213,72.5,"Medium"],["University_of_Houston",29.720393,-95.343537,966.7,"Medium"],["University_of_Illinois_at_Urbana-Champaign",40.104718,-88.229114,911.1,"High"],["University_of_Iowa",41.661935,-91.536425,267.3,"Medium"],["University_of_Kansas",38.958549,-95.247567,414.9,""],["University_of_Kentucky",38.038911,-84.504747,332.4,"Medium"],["University_of_Maryland-Baltimore_County",39.256686,-76.711607,1535.9,"Medium"],["University_of_Massachusetts-Boston",42.312881,-71.036865,706.8,"Medium"],["University_of_Massachusetts-Lowell",42.652864,-71.326809,539.0,"Medium"],["University_of_Miami",25.72126,-80.278662,163.1,"High"],["University_of_Michigan-Ann_Arbor",42.275921,-83.742769,197.4,"High"],["University_of_Minnesota-Twin_Cities",44.972851,-93.235464,1062.9,"High"],["University_of_Missouri-Kansas_City",39.034179,-94.582141,1417.3,"High"],["University_of_Nebraska-Lincoln",40.817598,-96.700508,370.6,"Medium"],["University_of_Nevada-Reno",39.543642,-119.815377,517.2,"Medium"],["University_of_North_Carolina_at_Chapel_Hill",35.911769,-79.050969,148.5,"High"],["University_of_North_Carolina_at_Charlotte",35.306022,-80.730919,677.6,"Medium"],["University_of_North_Carolina_at_Greensboro",36.068236,-79.809414,597.0,"Medium"],["University_of_North_Dakota",47.921654,-97.071738,271.2,"Medium"],["University_of_Oregon",44.045146,-123.075792,272.1,"Medium"],["University_of_Pennsylvania",39.950929,-75.19391,1029.0,"High"],["University_of_Rochester",43.126397,-77.631202,976.0,""],["University_of_San_Diego",32.77142,-117.188721,398.6,"Medium"],["University_of_San_Francisco",37.775564,-122.450977,776.8,"Medium"],["University_of_South_Alabama",30.696033,-88.178711,610.8,"Medium"],["University_of_South_Carolina-Sumter",33.934698,-80.373459,985.1,"Medium"],["University_of_Southern_California",34.021281,-118.284169,634.8,"High"],["University_of_Southern_Mississippi",31.32661,-89.331236,252.5,"Medium"],["University_of_St_Thomas_TX",29.736438,-95.393102,966.7,"Medium"],["University_of_Tulsa",36.152324,-95.945941,903.6,"High"],["University_of_Utah",40.762484,-111.846044,675.4,"Medium"],["University_of_Wisconsin-Madison",43.075409,-89.404098,377.7,"High"],["University_of_the_Pacific",37.981424,-121.312301,1352.0,"Medium"],["Utah_State_University",41.740748,-111.81391,64.4,"Medium"],["Vanderbilt_University",36.14659,-86.803369,1101.0,"High"],["Virginia_Commonwealth_University",37.547631,-77.453597,648.7,"Medium"],["Wake_Forest_University",36.133609,-80.277446,663.0,""],["Western_Michigan_University",42.282194,-85.613759,878.4,"Medium"],["Worcester_Polytechnic_Institute",42.274853,-71.808339,959.4,""],["Yale_University",41.311158,-72.926688,1439.2,"High"],["Yeshiva_University",40.850605,-73.929873,585.8,"High"]],"headers":["Institution_Name","Lat","Long_1","AverageofViolent_Crime_Rate_Per_100_000_People","SAT_Range"],"rawHeaders":["Institution_Name","Lat","Long_1","AverageofViolent_Crime_Rate_Per_100_000_People","SAT_Range"]},"format":{"type":"TABLE"},"headerInfo":[{"alias":"Institution_Name","header":"Institution_Name","type":"STRING","derived":false},{"alias":"Lat","header":"Lat","type":"NUMBER","derived":false},{"alias":"Long_1","header":"Long_1","type":"NUMBER","derived":false},{"alias":"AverageofViolent_Crime_Rate_Per_100_000_People","header":"AverageofViolent_Crime_Rate_Per_100_000_People","calculatedBy":"Violent_Crime_Rate_Per_100_000_People","groupBy":["Institution_Name","Lat","Long_1","SAT_Range"],"math":"Average","type":"STRING","derived":true},{"alias":"SAT_Range","header":"SAT_Range","type":"STRING","derived":false}],"sortInfo":[],"numCollected":500,"taskOptions":{"0":{"layout":"Map","alignment":{"size":["AverageofViolent_Crime_Rate_Per_100_000_People"],"color":["SAT_Range"],"latitude":["Lat"],"tooltip":[],"label":["Institution_Name"],"longitude":["Long_1"]}}},"filterInfo":[],"taskId":"task1"},"operationType":["TASK_DATA"]},{"pixelExpression":"if ( ( HasDuplicates ( Institution_Name , SAT_Range ) ) , ( Select ( Institution_Name , Average ( Rank_1 ) , Average ( Adm_Rate ) , UniqueGroupConcat ( SAT_Range ) ) .as ( [ Institution_Name , AverageofRank_1 , AverageofAdm_Rate , UniqueGroupConcatofSAT_Range ] ) | Group ( Institution_Name , SAT_Range ) | With ( Panel ( 1 ) ) | Format ( type = [ 'table' ] ) | TaskOptions ( { \"1\" : { \"layout\" : \"Scatter\" , \"alignment\" : { \"label\" : [ \"Institution_Name\" ] , \"x\" : [ \"AverageofRank_1\" ] , \"y\" : [ \"AverageofAdm_Rate\" ] , \"z\" : [ ] , \"series\" : [ \"UniqueGroupConcatofSAT_Range\" ] , \"facet\" : [ ] } } } ) | Collect ( 500 ) ) , ( Select ( Institution_Name , Rank_1 , Adm_Rate , SAT_Range ) .as ( [ Institution_Name , Rank_1 , Adm_Rate , SAT_Range ] ) | With ( Panel ( 1 ) ) | Format ( type = [ 'table' ] ) | TaskOptions ( { \"1\" : { \"layout\" : \"Scatter\" , \"alignment\" : { \"label\" : [ \"Institution_Name\" ] , \"x\" : [ \"Rank_1\" ] , \"y\" : [ \"Adm_Rate\" ] , \"z\" : [ ] , \"series\" : [ \"SAT_Range\" ] , \"facet\" : [ ] } } } ) | Collect ( 500 ) ) ) ;","isMeta":false,"output":{"data":{"values":[["American_University",74.0,0.2591,"High"],["Arizona_State_University-Tempe",129.0,0.825,"Medium"],["Arizona_State_University-West",129.0,0.7786,"Medium"],["Auburn_University",99.0,0.8054,"Medium"],["Azusa_Pacific_University",183.0,0.6146,"Medium"],["Ball_State_University",176.0,0.6225,"Medium"],["Baylor_University",71.0,0.3972,"Medium"],["Biola_University",164.0,0.6485,"Medium"],["Boston_University",39.0,0.2943,"High"],["Brandeis_University",34.0,0.3344,"High"],["Brigham_Young_University-Provo",68.0,0.5118,"High"],["Brown_University",14.0,0.0931,"High"],["California_Institute_of_Technology",12.0,0.0807,"High"],["California_State_University-Fresno",211.0,0.5354,"Low"],["California_State_University-Fullerton",211.0,0.4823,"Medium"],["California_State_University-Sacramento",220.0,0.7194,"Medium"],["Carnegie_Mellon_University",24.0,0.2171,"High"],["Case_Western_Reserve_University",37.0,0.3544,"High"],["Clark_University",74.0,0.5473,""],["Clarke_University",74.0,0.6493,"Medium"],["Colorado_State_University-Pueblo",129.0,0.9638,"Medium"],["Dallas_Baptist_University",214.0,0.4311,"Medium"],["DePaul_University",124.0,0.6975,""],["Drexel_University",96.0,0.7465,"Medium"],["Duke_University",8.0,0.1083,"High"],["Duquesne_University",124.0,0.7394,"Medium"],["East_Carolina_University",210.0,0.7034,"Medium"],["Edgewood_College",171.0,0.7587,"Medium"],["Emory_University",20.0,0.2529,"High"],["Florida_Institute_of_Technology",171.0,0.6133,"Medium"],["Florida_State_University",92.0,0.5801,"Medium"],["George_Washington_University",56.0,0.4021,"High"],["Georgetown_University",20.0,0.1685,"High"],["Harvard_University",2.0,0.054,"High"],["Howard_University",124.0,0.3,"Medium"],["Illinois_Institute_of_Technology",103.0,0.571,"Medium"],["Illinois_State_University",152.0,0.8888,""],["Indiana_University-Bloomington",86.0,0.7872,"Medium"],["Indiana_University-Purdue_University-Indianapolis",197.0,0.7397,"Medium"],["Iowa_State_University",111.0,0.8749,"Medium"],["Johns_Hopkins_University",10.0,0.1284,"High"],["Lee_University",197.0,0.8722,"Medium"],["Lehigh_University",44.0,0.2611,"High"],["Lesley_University",197.0,0.6373,"Medium"],["Lipscomb_University",176.0,0.6085,"Medium"],["Loyola_University_Chicago",99.0,0.7257,"Medium"],["Marquette_University",86.0,0.8434,"Medium"],["Massachusetts_Institute_of_Technology",7.0,0.0794,"High"],["Mercer_University",135.0,0.6935,"Medium"],["Michigan_State_University",82.0,0.6574,"Medium"],["New_Jersey_Institute_of_Technology",135.0,0.593,"Medium"],["New_Mexico_State_University-Dona_Ana",220.0,null,""],["New_York_University",36.0,0.3187,"High"],["North_Carolina_State_University_at_Raleigh",92.0,0.4751,"High"],["Northeastern_University",25.5,0.2888,"High"],["Northwestern_University",25.5,0.1066,"High"],["Nova_Southeastern_University",214.0,0.5254,"Medium"],["Old_Dominion_University",210.0,0.8464,"Medium"],["Oregon_State_University",143.0,0.7748,"Medium"],["Rensselaer_Polytechnic_Institute",39.0,0.4435,"High"],["Rice_University",15.0,0.1527,"High"],["Rochester_Institute_of_Technology",107.0,0.5493,"Medium"],["Rutgers_University-New_Brunswick",70.0,0.5694,"Medium"],["Rutgers_University-Newark",135.0,0.6531,"Medium"],["SUNY_College_of_Environmental_Science_and_Forestry",99.0,0.5421,"Medium"],["San_Diego_State_University",146.0,0.3464,"Medium"],["Seattle_Pacific_University",159.0,0.8728,"Medium"],["Southern_Methodist_University",56.0,0.4892,"High"],["Stevens_Institute_of_Technology",71.0,0.3911,"High"],["Suffolk_University",188.0,0.8442,"Medium"],["Syracuse_University",60.0,0.5232,"Medium"],["Temple_University",118.0,0.5219,""],["Texas_Christian_University",82.0,0.3758,"Medium"],["Texas_Tech_University",176.0,0.626,"Medium"],["Union_University",169.0,0.6257,"High"],["University_at_Buffalo",99.0,0.5938,"Medium"],["University_of_Arizona",124.0,0.7862,""],["University_of_Arkansas",126.5,0.632,"Medium"],["University_of_California-Berkeley",20.0,0.1693,"High"],["University_of_California-Davis",44.0,0.4228,"Medium"],["University_of_California-Irvine",78.5,0.4065,"Medium"],["University_of_California-Los_Angeles",24.0,0.1799,"High"],["University_of_California-Merced",152.0,0.7417,"Medium"],["University_of_California-Riverside",78.5,0.6634,"Medium"],["University_of_California-Santa_Barbara",37.0,0.3577,"High"],["University_of_California-Santa_Cruz",79.0,0.5785,"Medium"],["University_of_Central_Florida",176.0,0.4999,"Medium"],["University_of_Chicago",3.0,0.0794,"High"],["University_of_Colorado_Boulder",92.0,0.7662,"Medium"],["University_of_Dayton",111.0,0.6035,"Medium"],["University_of_Denver",86.0,0.5347,"High"],["University_of_Florida",50.0,0.4594,"High"],["University_of_Florida-Online",50.0,0.6415,"Medium"],["University_of_Georgia",56.0,0.539,"High"],["University_of_Hartford",188.0,0.7193,"Medium"],["University_of_Houston",194.0,0.5854,"Medium"],["University_of_Illinois_at_Urbana-Champaign",44.0,0.6007,"High"],["University_of_Iowa",126.5,0.8411,"Medium"],["University_of_Kansas",126.5,0.9301,""],["University_of_Kentucky",133.0,0.9079,"Medium"],["University_of_Maryland-Baltimore_County",159.0,0.5683,"Medium"],["University_of_Massachusetts-Boston",220.0,0.6852,"Medium"],["University_of_Massachusetts-Lowell",152.0,0.6057,"Medium"],["University_of_Miami",44.0,0.3771,"High"],["University_of_Michigan-Ann_Arbor",27.0,0.2859,"High"],["University_of_Minnesota-Twin_Cities",71.0,0.4441,"High"],["University_of_Missouri-Kansas_City",210.0,0.6187,"High"],["University_of_Nebraska-Lincoln",111.0,0.7527,"Medium"],["University_of_Nevada-Reno",197.0,0.8281,"Medium"],["University_of_North_Carolina_at_Chapel_Hill",30.0,0.2694,"High"],["University_of_North_Carolina_at_Charlotte",202.0,0.6203,"Medium"],["University_of_North_Carolina_at_Greensboro",220.0,0.7393,"Medium"],["University_of_North_Dakota",202.0,0.8369,"Medium"],["University_of_Oregon",103.0,0.7787,"Medium"],["University_of_Pennsylvania",8.0,0.0944,"High"],["University_of_Rochester",32.0,0.3553,""],["University_of_San_Diego",86.0,0.5138,"Medium"],["University_of_San_Francisco",107.0,0.7137,"Medium"],["University_of_South_Alabama",103.0,0.805,"Medium"],["University_of_South_Carolina-Sumter",107.0,0.6654,"Medium"],["University_of_Southern_California",23.0,0.1662,"High"],["University_of_Southern_Mississippi",220.0,0.6014,"Medium"],["University_of_St_Thomas_TX",118.0,0.7739,"Medium"],["University_of_Tulsa",98.5,0.3696,"High"],["University_of_Utah",98.5,0.7642,"Medium"],["University_of_Wisconsin-Madison",44.0,0.5262,"High"],["University_of_the_Pacific",111.0,0.6599,"Medium"],["Utah_State_University",220.0,0.9025,"Medium"],["Vanderbilt_University",15.0,0.1075,"High"],["Virginia_Commonwealth_University",164.0,0.8115,"Medium"],["Wake_Forest_University",27.0,0.3034,""],["Western_Michigan_University",194.0,0.8231,"Medium"],["Worcester_Polytechnic_Institute",60.0,0.4844,""],["Yale_University",3.0,0.0632,"High"],["Yeshiva_University",66.0,0.5075,"High"]],"headers":["Institution_Name","AverageofRank_1","AverageofAdm_Rate","UniqueGroupConcatofSAT_Range"],"rawHeaders":["Institution_Name","AverageofRank_1","AverageofAdm_Rate","UniqueGroupConcatofSAT_Range"]},"format":{"type":"TABLE"},"headerInfo":[{"alias":"Institution_Name","header":"Institution_Name","type":"STRING","derived":false},{"alias":"AverageofRank_1","header":"AverageofRank_1","calculatedBy":"Rank_1","groupBy":["Institution_Name","SAT_Range"],"math":"Average","type":"STRING","derived":true},{"alias":"AverageofAdm_Rate","header":"AverageofAdm_Rate","calculatedBy":"Adm_Rate","groupBy":["Institution_Name","SAT_Range"],"math":"Average","type":"STRING","derived":true},{"alias":"UniqueGroupConcatofSAT_Range","header":"UniqueGroupConcatofSAT_Range","calculatedBy":"SAT_Range","groupBy":["Institution_Name","SAT_Range"],"math":"UniqueGroupConcat","type":"NUMBER","derived":true}],"sortInfo":[],"numCollected":500,"taskOptions":{"1":{"layout":"Scatter","alignment":{"series":["UniqueGroupConcatofSAT_Range"],"x":["AverageofRank_1"],"y":["AverageofAdm_Rate"],"z":[],"label":["Institution_Name"],"facet":[]}}},"filterInfo":[],"taskId":"task19"},"operationType":["TASK_DATA"]}]}