{"engineId":"ec40eeae-0a36-4263-93b8-9098b033eff1","engineName":"College","rdbmsId":"85fee58d-4c54-434b-a951-bcd028e5f3b8","varstore":{},"frames":[{"file":"@BaseFolder@/db/@ENGINE@/version/85fee58d-4c54-434b-a951-bcd028e5f3b8/FRAME104656.gz","meta":"@BaseFolder@/db/@ENGINE@/version/85fee58d-4c54-434b-a951-bcd028e5f3b8/METADATA__FRAME104656.owl","state":null,"type":"prerna.ds.h2.H2Frame","name":"FRAME104656","keys":["$CUR_FRAME_KEY","FRAME104656"]}],"panels":[{"panelId":"0","panelLabel":null,"view":"visualization","viewOptions":"{\"type\":\"echarts\"}","viewOptionsMap":"{\"federate-view\":{\"app_id\":\"ec40eeae-0a36-4263-93b8-9098b033eff1\"},\"visualization\":{\"type\":\"echarts\"}}","config":"{\"type\":\"STANDARD\",\"opacity\":100}","ornaments":"{}","events":"{\"onSingleClick\":{\"Unfilter\":[{\"disabledVisuals\":[\"Grid\",\"Sunburst\"],\"default\":true,\"query\":\"UnfilterFrame(<SelectedColumn>);\",\"options\":{},\"refresh\":false,\"disabled\":false,\"panel\":\"\"}]},\"onBrush\":{\"Filter\":[{\"default\":true,\"query\":\"if(IsEmpty(<SelectedValues>), UnfilterFrame(<SelectedColumn>), SetFrameFilter(<SelectedColumn>==<SelectedValues>));\",\"options\":{},\"refresh\":false,\"disabled\":false,\"panel\":\"\"}]}}","comments":"{}","position":"{}","filters":[],"order":[],"cbv":{}}],"tasks":{"tasks":[{"type":"basic","task":{"taskType":"basic","id":"task1","numCollected":500,"internalOffset":0,"taskOptions":"{\"options\":{\"0\":{\"layout\":\"Grid\",\"alignment\":{\"label\":[\"ACT_CUM_75\",\"Adm_Rate\",\"Avg_Cost_Academic_Year\",\"Avg_Cost_Program_Year\",\"Avg_Fac_Sal\",\"City\",\"City_State\",\"COLLEGE\",\"Compl_Repay_1yr_Rate\",\"Compl_Repay_7yr_Rate\",\"CompletionRate_150_4\",\"CompletionRate_150_L4\",\"Control\",\"Highest_Deg\",\"In_state_Tuition\",\"Institution_Name\",\"Lat\",\"Level_of_institution\",\"Locale\",\"Long_1\",\"Low_Inc_Aid\",\"Main_Campus\",\"Noncom_Repay_1yr_Rate\",\"Noncom_Repay_7yr_Rate\",\"Out_of_state_Tuition\",\"Parent_Ed_HS\",\"Parent_Ed_MS\",\"Parent_Ed_PS\",\"Percent_2OrMore\",\"Percent_AIAN\",\"Percent_Asian\",\"Percent_Black\",\"Percent_Female\",\"Percent_First_Gen\",\"Percent_Full_time_Fac\",\"Percent_Hisp\",\"Percent_Male\",\"Percent_NHPI\",\"Percent_NRA\",\"Percent_Part_time\",\"Percent_UNKN\",\"Percent_Veterans\",\"Percent_White\",\"Predominant_Ugrad_Deg\",\"Religious_Affiliation\",\"RetentionRate_FT4\",\"RetentionRate_FTL4\",\"RetentionRate_PT4\",\"RetentionRate_PTL4\",\"SAT_M_75\",\"SAT_R_75\",\"SAT_W_75\",\"State_1\",\"TIV_Approval_Date\",\"Top3Majors\",\"Undergrad_Enrollment\",\"URL\",\"Zip\"]}}}}","qs":{"qsType":"FRAME","isDistinct":true,"overrideImplicit":false,"limit":500,"offset":0,"relations":"[]","selectors":[{"type":"COLUMN","content":{"table":"FRAME104656","column":"ACT_CUM_75","alias":"ACT_CUM_75","tableAlias":null}},{"type":"COLUMN","content":{"table":"FRAME104656","column":"Adm_Rate","alias":"Adm_Rate","tableAlias":null}},{"type":"COLUMN","content":{"table":"FRAME104656","column":"Avg_Cost_Academic_Year","alias":"Avg_Cost_Academic_Year","tableAlias":null}},{"type":"COLUMN","content":{"table":"FRAME104656","column":"Avg_Cost_Program_Year","alias":"Avg_Cost_Program_Year","tableAlias":null}},{"type":"COLUMN","content":{"table":"FRAME104656","column":"Avg_Fac_Sal","alias":"Avg_Fac_Sal","tableAlias":null}},{"type":"COLUMN","content":{"table":"FRAME104656","column":"City","alias":"City","tableAlias":null}},{"type":"COLUMN","content":{"table":"FRAME104656","column":"City_State","alias":"City_State","tableAlias":null}},{"type":"COLUMN","content":{"table":"FRAME104656","column":"COLLEGE","alias":"COLLEGE","tableAlias":null}},{"type":"COLUMN","content":{"table":"FRAME104656","column":"Compl_Repay_1yr_Rate","alias":"Compl_Repay_1yr_Rate","tableAlias":null}},{"type":"COLUMN","content":{"table":"FRAME104656","column":"Compl_Repay_7yr_Rate","alias":"Compl_Repay_7yr_Rate","tableAlias":null}},{"type":"COLUMN","content":{"table":"FRAME104656","column":"CompletionRate_150_4","alias":"CompletionRate_150_4","tableAlias":null}},{"type":"COLUMN","content":{"table":"FRAME104656","column":"CompletionRate_150_L4","alias":"CompletionRate_150_L4","tableAlias":null}},{"type":"COLUMN","content":{"table":"FRAME104656","column":"Control","alias":"Control","tableAlias":null}},{"type":"COLUMN","content":{"table":"FRAME104656","column":"Highest_Deg","alias":"Highest_Deg","tableAlias":null}},{"type":"COLUMN","content":{"table":"FRAME104656","column":"In_state_Tuition","alias":"In_state_Tuition","tableAlias":null}},{"type":"COLUMN","content":{"table":"FRAME104656","column":"Institution_Name","alias":"Institution_Name","tableAlias":null}},{"type":"COLUMN","content":{"table":"FRAME104656","column":"Lat","alias":"Lat","tableAlias":null}},{"type":"COLUMN","content":{"table":"FRAME104656","column":"Level_of_institution","alias":"Level_of_institution","tableAlias":null}},{"type":"COLUMN","content":{"table":"FRAME104656","column":"Locale","alias":"Locale","tableAlias":null}},{"type":"COLUMN","content":{"table":"FRAME104656","column":"Long_1","alias":"Long_1","tableAlias":null}},{"type":"COLUMN","content":{"table":"FRAME104656","column":"Low_Inc_Aid","alias":"Low_Inc_Aid","tableAlias":null}},{"type":"COLUMN","content":{"table":"FRAME104656","column":"Main_Campus","alias":"Main_Campus","tableAlias":null}},{"type":"COLUMN","content":{"table":"FRAME104656","column":"Noncom_Repay_1yr_Rate","alias":"Noncom_Repay_1yr_Rate","tableAlias":null}},{"type":"COLUMN","content":{"table":"FRAME104656","column":"Noncom_Repay_7yr_Rate","alias":"Noncom_Repay_7yr_Rate","tableAlias":null}},{"type":"COLUMN","content":{"table":"FRAME104656","column":"Out_of_state_Tuition","alias":"Out_of_state_Tuition","tableAlias":null}},{"type":"COLUMN","content":{"table":"FRAME104656","column":"Parent_Ed_HS","alias":"Parent_Ed_HS","tableAlias":null}},{"type":"COLUMN","content":{"table":"FRAME104656","column":"Parent_Ed_MS","alias":"Parent_Ed_MS","tableAlias":null}},{"type":"COLUMN","content":{"table":"FRAME104656","column":"Parent_Ed_PS","alias":"Parent_Ed_PS","tableAlias":null}},{"type":"COLUMN","content":{"table":"FRAME104656","column":"Percent_2OrMore","alias":"Percent_2OrMore","tableAlias":null}},{"type":"COLUMN","content":{"table":"FRAME104656","column":"Percent_AIAN","alias":"Percent_AIAN","tableAlias":null}},{"type":"COLUMN","content":{"table":"FRAME104656","column":"Percent_Asian","alias":"Percent_Asian","tableAlias":null}},{"type":"COLUMN","content":{"table":"FRAME104656","column":"Percent_Black","alias":"Percent_Black","tableAlias":null}},{"type":"COLUMN","content":{"table":"FRAME104656","column":"Percent_Female","alias":"Percent_Female","tableAlias":null}},{"type":"COLUMN","content":{"table":"FRAME104656","column":"Percent_First_Gen","alias":"Percent_First_Gen","tableAlias":null}},{"type":"COLUMN","content":{"table":"FRAME104656","column":"Percent_Full_time_Fac","alias":"Percent_Full_time_Fac","tableAlias":null}},{"type":"COLUMN","content":{"table":"FRAME104656","column":"Percent_Hisp","alias":"Percent_Hisp","tableAlias":null}},{"type":"COLUMN","content":{"table":"FRAME104656","column":"Percent_Male","alias":"Percent_Male","tableAlias":null}},{"type":"COLUMN","content":{"table":"FRAME104656","column":"Percent_NHPI","alias":"Percent_NHPI","tableAlias":null}},{"type":"COLUMN","content":{"table":"FRAME104656","column":"Percent_NRA","alias":"Percent_NRA","tableAlias":null}},{"type":"COLUMN","content":{"table":"FRAME104656","column":"Percent_Part_time","alias":"Percent_Part_time","tableAlias":null}},{"type":"COLUMN","content":{"table":"FRAME104656","column":"Percent_UNKN","alias":"Percent_UNKN","tableAlias":null}},{"type":"COLUMN","content":{"table":"FRAME104656","column":"Percent_Veterans","alias":"Percent_Veterans","tableAlias":null}},{"type":"COLUMN","content":{"table":"FRAME104656","column":"Percent_White","alias":"Percent_White","tableAlias":null}},{"type":"COLUMN","content":{"table":"FRAME104656","column":"Predominant_Ugrad_Deg","alias":"Predominant_Ugrad_Deg","tableAlias":null}},{"type":"COLUMN","content":{"table":"FRAME104656","column":"Religious_Affiliation","alias":"Religious_Affiliation","tableAlias":null}},{"type":"COLUMN","content":{"table":"FRAME104656","column":"RetentionRate_FT4","alias":"RetentionRate_FT4","tableAlias":null}},{"type":"COLUMN","content":{"table":"FRAME104656","column":"RetentionRate_FTL4","alias":"RetentionRate_FTL4","tableAlias":null}},{"type":"COLUMN","content":{"table":"FRAME104656","column":"RetentionRate_PT4","alias":"RetentionRate_PT4","tableAlias":null}},{"type":"COLUMN","content":{"table":"FRAME104656","column":"RetentionRate_PTL4","alias":"RetentionRate_PTL4","tableAlias":null}},{"type":"COLUMN","content":{"table":"FRAME104656","column":"SAT_M_75","alias":"SAT_M_75","tableAlias":null}},{"type":"COLUMN","content":{"table":"FRAME104656","column":"SAT_R_75","alias":"SAT_R_75","tableAlias":null}},{"type":"COLUMN","content":{"table":"FRAME104656","column":"SAT_W_75","alias":"SAT_W_75","tableAlias":null}},{"type":"COLUMN","content":{"table":"FRAME104656","column":"State_1","alias":"State_1","tableAlias":null}},{"type":"COLUMN","content":{"table":"FRAME104656","column":"TIV_Approval_Date","alias":"TIV_Approval_Date","tableAlias":null}},{"type":"COLUMN","content":{"table":"FRAME104656","column":"Top3Majors","alias":"Top3Majors","tableAlias":null}},{"type":"COLUMN","content":{"table":"FRAME104656","column":"Undergrad_Enrollment","alias":"Undergrad_Enrollment","tableAlias":null}},{"type":"COLUMN","content":{"table":"FRAME104656","column":"URL","alias":"URL","tableAlias":null}},{"type":"COLUMN","content":{"table":"FRAME104656","column":"Zip","alias":"Zip","tableAlias":null}}]}}},{"type":"basic","task":{"taskType":"basic","id":"task3","numCollected":500,"internalOffset":0,"taskOptions":"{\"options\":{\"0\":{\"layout\":\"Choropleth\",\"alignment\":{\"label\":[\"State_1\"],\"value\":[\"AverageofOut_of_state_Tuition\"],\"facet\":[]}}}}","qs":{"qsType":"FRAME","isDistinct":true,"overrideImplicit":false,"limit":500,"offset":0,"relations":"[]","groups":["{\"column\":\"PRIM_KEY_PLACEHOLDER\",\"table\":\"State_1\",\"alias\":\"\"}"],"selectors":[{"type":"COLUMN","content":{"table":"State_1","column":"PRIM_KEY_PLACEHOLDER","alias":"State_1","tableAlias":null}},{"type":"FUNCTION","content":{"alias":"AverageofOut_of_state_Tuition","function":"mean","distinct":false,"colCast":"","innerSelectors":[{"type":"COLUMN","content":{"table":"Out_of_state_Tuition","column":"PRIM_KEY_PLACEHOLDER","alias":"Out_of_state_Tuition","tableAlias":null}}]}}]}}},{"type":"basic","task":{"taskType":"basic","id":"task5","numCollected":500,"internalOffset":0,"taskOptions":"{\"options\":{\"0\":{\"layout\":\"Choropleth\",\"alignment\":{\"label\":[\"State_1\"],\"value\":[\"MaxofOut_of_state_Tuition\"],\"facet\":[]}}}}","qs":{"qsType":"FRAME","isDistinct":true,"overrideImplicit":false,"limit":500,"offset":0,"relations":"[]","groups":["{\"column\":\"PRIM_KEY_PLACEHOLDER\",\"table\":\"State_1\",\"alias\":\"\"}"],"selectors":[{"type":"COLUMN","content":{"table":"State_1","column":"PRIM_KEY_PLACEHOLDER","alias":"State_1","tableAlias":null}},{"type":"FUNCTION","content":{"alias":"MaxofOut_of_state_Tuition","function":"max","distinct":false,"colCast":"","innerSelectors":[{"type":"COLUMN","content":{"table":"Out_of_state_Tuition","column":"PRIM_KEY_PLACEHOLDER","alias":"Out_of_state_Tuition","tableAlias":null}}]}}]}}},{"type":"basic","task":{"taskType":"basic","id":"task7","numCollected":500,"internalOffset":0,"taskOptions":"{\"options\":{\"0\":{\"layout\":\"Choropleth\",\"alignment\":{\"label\":[\"State_1\"],\"value\":[\"AverageofOut_of_state_Tuition\"],\"facet\":[]}}}}","qs":{"qsType":"FRAME","isDistinct":true,"overrideImplicit":false,"limit":500,"offset":0,"relations":"[]","groups":["{\"column\":\"PRIM_KEY_PLACEHOLDER\",\"table\":\"State_1\",\"alias\":\"\"}"],"selectors":[{"type":"COLUMN","content":{"table":"State_1","column":"PRIM_KEY_PLACEHOLDER","alias":"State_1","tableAlias":null}},{"type":"FUNCTION","content":{"alias":"AverageofOut_of_state_Tuition","function":"mean","distinct":false,"colCast":"","innerSelectors":[{"type":"COLUMN","content":{"table":"Out_of_state_Tuition","column":"PRIM_KEY_PLACEHOLDER","alias":"Out_of_state_Tuition","tableAlias":null}}]}}]}}},{"type":"basic","task":{"taskType":"basic","id":"task9","numCollected":500,"internalOffset":0,"taskOptions":"{\"options\":{\"0\":{\"layout\":\"Choropleth\",\"groupByInfo\":{\"uniqueInstances\":[\"No\",\"Yes\"],\"viewType\":\"Individual Instance\",\"selectedDim\":\"Main_Campus\",\"instanceIndex\":\"0\"},\"alignment\":{\"label\":[\"State_1\"],\"value\":[\"AverageofOut_of_state_Tuition\"],\"facet\":[\"Main_Campus\"]}}}}","qs":{"qsType":"FRAME","isDistinct":true,"overrideImplicit":false,"limit":500,"offset":0,"relations":"[]","groups":["{\"column\":\"PRIM_KEY_PLACEHOLDER\",\"table\":\"State_1\",\"alias\":\"\"}","{\"column\":\"PRIM_KEY_PLACEHOLDER\",\"table\":\"Main_Campus\",\"alias\":\"\"}"],"selectors":[{"type":"COLUMN","content":{"table":"State_1","column":"PRIM_KEY_PLACEHOLDER","alias":"State_1","tableAlias":null}},{"type":"FUNCTION","content":{"alias":"AverageofOut_of_state_Tuition","function":"mean","distinct":false,"colCast":"","innerSelectors":[{"type":"COLUMN","content":{"table":"Out_of_state_Tuition","column":"PRIM_KEY_PLACEHOLDER","alias":"Out_of_state_Tuition","tableAlias":null}}]}},{"type":"COLUMN","content":{"table":"Main_Campus","column":"PRIM_KEY_PLACEHOLDER","alias":"Main_Campus","tableAlias":null}}],"explicitFilters":["SIMPLE",{"left":{"pixelType":"COLUMN","class":"prerna.query.querystruct.selectors.QueryColumnSelector","value":[{"type":"COLUMN","content":{"table":"Main_Campus","column":"PRIM_KEY_PLACEHOLDER","alias":"Main_Campus","tableAlias":null}}],"opType":["OPERATION"]},"comparator":"==","right":{"pixelType":"CONST_STRING","class":"java.lang.String","value":["No"],"opType":["OPERATION"]}}]}}},{"type":"basic","task":{"taskType":"basic","id":"task11","numCollected":500,"internalOffset":0,"taskOptions":"{\"options\":{\"0\":{\"layout\":\"Choropleth\",\"groupByInfo\":{\"uniqueInstances\":[\"No\",\"Yes\"],\"viewType\":\"Individual Instance\",\"selectedDim\":\"Main_Campus\",\"instanceIndex\":\"1\"},\"alignment\":{\"label\":[\"State_1\"],\"groupBy\":[\"Main_Campus\"],\"value\":[\"AverageofOut_of_state_Tuition\"],\"facet\":[\"Main_Campus\"]}}}}","qs":{"qsType":"FRAME","isDistinct":true,"overrideImplicit":false,"limit":500,"offset":0,"relations":"[]","groups":["{\"column\":\"PRIM_KEY_PLACEHOLDER\",\"table\":\"State_1\",\"alias\":\"\"}","{\"column\":\"PRIM_KEY_PLACEHOLDER\",\"table\":\"Main_Campus\",\"alias\":\"\"}"],"selectors":[{"type":"COLUMN","content":{"table":"State_1","column":"PRIM_KEY_PLACEHOLDER","alias":"State_1","tableAlias":null}},{"type":"FUNCTION","content":{"alias":"AverageofOut_of_state_Tuition","function":"mean","distinct":false,"colCast":"","innerSelectors":[{"type":"COLUMN","content":{"table":"Out_of_state_Tuition","column":"PRIM_KEY_PLACEHOLDER","alias":"Out_of_state_Tuition","tableAlias":null}}]}},{"type":"COLUMN","content":{"table":"Main_Campus","column":"PRIM_KEY_PLACEHOLDER","alias":"Main_Campus","tableAlias":null}}],"explicitFilters":["SIMPLE",{"left":{"pixelType":"COLUMN","class":"prerna.query.querystruct.selectors.QueryColumnSelector","value":[{"type":"COLUMN","content":{"table":"Main_Campus","column":"PRIM_KEY_PLACEHOLDER","alias":"Main_Campus","tableAlias":null}}],"opType":["OPERATION"]},"comparator":"==","right":{"pixelType":"CONST_STRING","class":"java.lang.String","value":["Yes"],"opType":["OPERATION"]}}]}}},{"type":"basic","task":{"taskType":"basic","id":"task13","numCollected":500,"internalOffset":0,"taskOptions":"{\"options\":{\"0\":{\"layout\":\"Choropleth\",\"groupByInfo\":{\"uniqueInstances\":[\"No\",\"Yes\"],\"viewType\":\"Individual Instance\",\"selectedDim\":\"Main_Campus\",\"instanceIndex\":\"0\"},\"alignment\":{\"label\":[\"State_1\"],\"groupBy\":[\"Main_Campus\"],\"value\":[\"AverageofOut_of_state_Tuition\"],\"facet\":[\"Main_Campus\"]}}}}","qs":{"qsType":"FRAME","isDistinct":true,"overrideImplicit":false,"limit":500,"offset":0,"relations":"[]","groups":["{\"column\":\"PRIM_KEY_PLACEHOLDER\",\"table\":\"State_1\",\"alias\":\"\"}","{\"column\":\"PRIM_KEY_PLACEHOLDER\",\"table\":\"Main_Campus\",\"alias\":\"\"}"],"selectors":[{"type":"COLUMN","content":{"table":"State_1","column":"PRIM_KEY_PLACEHOLDER","alias":"State_1","tableAlias":null}},{"type":"FUNCTION","content":{"alias":"AverageofOut_of_state_Tuition","function":"mean","distinct":false,"colCast":"","innerSelectors":[{"type":"COLUMN","content":{"table":"Out_of_state_Tuition","column":"PRIM_KEY_PLACEHOLDER","alias":"Out_of_state_Tuition","tableAlias":null}}]}},{"type":"COLUMN","content":{"table":"Main_Campus","column":"PRIM_KEY_PLACEHOLDER","alias":"Main_Campus","tableAlias":null}}],"explicitFilters":["SIMPLE",{"left":{"pixelType":"COLUMN","class":"prerna.query.querystruct.selectors.QueryColumnSelector","value":[{"type":"COLUMN","content":{"table":"Main_Campus","column":"PRIM_KEY_PLACEHOLDER","alias":"Main_Campus","tableAlias":null}}],"opType":["OPERATION"]},"comparator":"==","right":{"pixelType":"CONST_STRING","class":"java.lang.String","value":["No"],"opType":["OPERATION"]}}]}}}],"taskCounter":14},"recipe":["AddPanel ( 0 ) ;","Panel ( 0 ) | AddPanelConfig ( config = [ { \"config\" : { \"type\" : \"STANDARD\" , \"opacity\" : 100 } } ] ) ;","Panel ( 0 ) | AddPanelEvents ( { \"onSingleClick\" : { \"Unfilter\" : [ { \"panel\" : \"\" , \"query\" : \"<encode>UnfilterFrame(<SelectedColumn>);</encode>\" , \"options\" : { } , \"refresh\" : false , \"default\" : true , \"disabledVisuals\" : [ \"Grid\" , \"Sunburst\" ] , \"disabled\" : false } ] } , \"onBrush\" : { \"Filter\" : [ { \"panel\" : \"\" , \"query\" : \"<encode>if(IsEmpty(<SelectedValues>), UnfilterFrame(<SelectedColumn>), SetFrameFilter(<SelectedColumn>==<SelectedValues>));</encode>\" , \"options\" : { } , \"refresh\" : false , \"default\" : true , \"disabled\" : false } ] } } ) ;","Panel ( 0 ) | RetrievePanelEvents ( ) ;","Panel ( 0 ) | SetPanelView ( \"visualization\" , \"<encode>{\"type\":\"echarts\"}</encode>\" ) ;","Panel ( 0 ) | SetPanelView ( \"federate-view\" , \"<encode>{\"app_id\":\"ec40eeae-0a36-4263-93b8-9098b033eff1\"}</encode>\" ) ;","CreateFrame ( frameType = [ GRID ] ) .as ( [ 'FRAME104656' ] ) ;","Database ( database = [ \"ec40eeae-0a36-4263-93b8-9098b033eff1\" ] ) | Select ( COLLEGE , COLLEGE__ACT_CUM_75 , COLLEGE__Adm_Rate , COLLEGE__Avg_Cost_Academic_Year , COLLEGE__Avg_Cost_Program_Year , COLLEGE__Avg_Fac_Sal , COLLEGE__City , COLLEGE__City_State , COLLEGE__Compl_Repay_1yr_Rate , COLLEGE__Compl_Repay_7yr_Rate , COLLEGE__CompletionRate_150_4 , COLLEGE__CompletionRate_150_L4 , COLLEGE__Control , COLLEGE__Highest_Deg , COLLEGE__In_state_Tuition , COLLEGE__Institution_Name , COLLEGE__Lat , COLLEGE__Level_of_institution , COLLEGE__Locale , COLLEGE__Long_1 , COLLEGE__Low_Inc_Aid , COLLEGE__Main_Campus , COLLEGE__Noncom_Repay_1yr_Rate , COLLEGE__Noncom_Repay_7yr_Rate , COLLEGE__Out_of_state_Tuition , COLLEGE__Parent_Ed_HS , COLLEGE__Parent_Ed_MS , COLLEGE__Parent_Ed_PS , COLLEGE__Percent_2OrMore , COLLEGE__Percent_AIAN , COLLEGE__Percent_Asian , COLLEGE__Percent_Black , COLLEGE__Percent_Female , COLLEGE__Percent_First_Gen , COLLEGE__Percent_Full_time_Fac , COLLEGE__Percent_Hisp , COLLEGE__Percent_Male , COLLEGE__Percent_NHPI , COLLEGE__Percent_NRA , COLLEGE__Percent_Part_time , COLLEGE__Percent_UNKN , COLLEGE__Percent_Veterans , COLLEGE__Percent_White , COLLEGE__Predominant_Ugrad_Deg , COLLEGE__Religious_Affiliation , COLLEGE__RetentionRate_FT4 , COLLEGE__RetentionRate_FTL4 , COLLEGE__RetentionRate_PT4 , COLLEGE__RetentionRate_PTL4 , COLLEGE__SAT_M_75 , COLLEGE__SAT_R_75 , COLLEGE__SAT_W_75 , COLLEGE__State_1 , COLLEGE__TIV_Approval_Date , COLLEGE__Top3Majors , COLLEGE__URL , COLLEGE__Undergrad_Enrollment , COLLEGE__Zip ) .as ( [ COLLEGE , ACT_CUM_75 , Adm_Rate , Avg_Cost_Academic_Year , Avg_Cost_Program_Year , Avg_Fac_Sal , City , City_State , Compl_Repay_1yr_Rate , Compl_Repay_7yr_Rate , CompletionRate_150_4 , CompletionRate_150_L4 , Control , Highest_Deg , In_state_Tuition , Institution_Name , Lat , Level_of_institution , Locale , Long_1 , Low_Inc_Aid , Main_Campus , Noncom_Repay_1yr_Rate , Noncom_Repay_7yr_Rate , Out_of_state_Tuition , Parent_Ed_HS , Parent_Ed_MS , Parent_Ed_PS , Percent_2OrMore , Percent_AIAN , Percent_Asian , Percent_Black , Percent_Female , Percent_First_Gen , Percent_Full_time_Fac , Percent_Hisp , Percent_Male , Percent_NHPI , Percent_NRA , Percent_Part_time , Percent_UNKN , Percent_Veterans , Percent_White , Predominant_Ugrad_Deg , Religious_Affiliation , RetentionRate_FT4 , RetentionRate_FTL4 , RetentionRate_PT4 , RetentionRate_PTL4 , SAT_M_75 , SAT_R_75 , SAT_W_75 , State_1 , TIV_Approval_Date , Top3Majors , URL , Undergrad_Enrollment , Zip ] ) | Import ( ) ;","Panel ( 0 ) | SetPanelView ( \"visualization\" ) ;","Frame ( ) | QueryAll ( ) | AutoTaskOptions ( panel = [ \"0\" ] , layout = [ \"Grid\" ] ) | Collect ( 500 ) ;","if ( ( HasDuplicates ( State_1 ) ) , ( Select ( State_1 , Average ( Out_of_state_Tuition ) ) .as ( [ State_1 , AverageofOut_of_state_Tuition ] ) | Group ( State_1 ) | With ( Panel ( 0 ) ) | Format ( type = [ 'table' ] ) | TaskOptions ( { \"0\" : { \"layout\" : \"Choropleth\" , \"alignment\" : { \"label\" : [ \"State_1\" ] , \"value\" : [ \"AverageofOut_of_state_Tuition\" ] , \"facet\" : [ ] } } } ) | Collect ( 500 ) ) , ( Select ( State_1 , Out_of_state_Tuition ) .as ( [ State_1 , Out_of_state_Tuition ] ) | With ( Panel ( 0 ) ) | Format ( type = [ 'table' ] ) | TaskOptions ( { \"0\" : { \"layout\" : \"Choropleth\" , \"alignment\" : { \"label\" : [ \"State_1\" ] , \"value\" : [ \"Out_of_state_Tuition\" ] , \"facet\" : [ ] } } } ) | Collect ( 500 ) ) ) ;","if ( ( HasDuplicates ( State_1 ) ) , ( Select ( State_1 , Max ( Out_of_state_Tuition ) ) .as ( [ State_1 , MaxofOut_of_state_Tuition ] ) | Group ( State_1 ) | With ( Panel ( 0 ) ) | Format ( type = [ 'table' ] ) | TaskOptions ( { \"0\" : { \"layout\" : \"Choropleth\" , \"alignment\" : { \"label\" : [ \"State_1\" ] , \"value\" : [ \"MaxofOut_of_state_Tuition\" ] , \"facet\" : [ ] } } } ) | Collect ( 500 ) ) , ( Select ( State_1 , Out_of_state_Tuition ) .as ( [ State_1 , Out_of_state_Tuition ] ) | With ( Panel ( 0 ) ) | Format ( type = [ 'table' ] ) | TaskOptions ( { \"0\" : { \"layout\" : \"Choropleth\" , \"alignment\" : { \"label\" : [ \"State_1\" ] , \"value\" : [ \"Out_of_state_Tuition\" ] , \"facet\" : [ ] } } } ) | Collect ( 500 ) ) ) ;","if ( ( HasDuplicates ( State_1 ) ) , ( Select ( State_1 , Average ( Out_of_state_Tuition ) ) .as ( [ State_1 , AverageofOut_of_state_Tuition ] ) | Group ( State_1 ) | With ( Panel ( 0 ) ) | Format ( type = [ 'table' ] ) | TaskOptions ( { \"0\" : { \"layout\" : \"Choropleth\" , \"alignment\" : { \"label\" : [ \"State_1\" ] , \"value\" : [ \"AverageofOut_of_state_Tuition\" ] , \"facet\" : [ ] } } } ) | Collect ( 500 ) ) , ( Select ( State_1 , Out_of_state_Tuition ) .as ( [ State_1 , Out_of_state_Tuition ] ) | With ( Panel ( 0 ) ) | Format ( type = [ 'table' ] ) | TaskOptions ( { \"0\" : { \"layout\" : \"Choropleth\" , \"alignment\" : { \"label\" : [ \"State_1\" ] , \"value\" : [ \"Out_of_state_Tuition\" ] , \"facet\" : [ ] } } } ) | Collect ( 500 ) ) ) ;","if ( ( HasDuplicates ( State_1 , Main_Campus ) ) , ( Select ( State_1 , Average ( Out_of_state_Tuition ) , Main_Campus ) .as ( [ State_1 , AverageofOut_of_state_Tuition , Main_Campus ] ) | Group ( State_1 , Main_Campus ) | Filter ( Main_Campus == \"No\" ) | With ( Panel ( 0 ) ) | Format ( type = [ 'table' ] ) | TaskOptions ( { \"0\" : { \"layout\" : \"Choropleth\" , \"alignment\" : { \"label\" : [ \"State_1\" ] , \"value\" : [ \"AverageofOut_of_state_Tuition\" ] , \"facet\" : [ \"Main_Campus\" ] } , \"groupByInfo\" : { \"selectedDim\" : \"Main_Campus\" , \"viewType\" : \"Individual Instance\" , \"instanceIndex\" : \"0\" , \"uniqueInstances\" : [ \"No\" , \"Yes\" ] } } } ) | Collect ( 500 ) ) , ( Select ( State_1 , Out_of_state_Tuition , Main_Campus ) .as ( [ State_1 , Out_of_state_Tuition , Main_Campus ] ) | Filter ( Main_Campus == \"No\" ) | With ( Panel ( 0 ) ) | Format ( type = [ 'table' ] ) | TaskOptions ( { \"0\" : { \"layout\" : \"Choropleth\" , \"alignment\" : { \"label\" : [ \"State_1\" ] , \"value\" : [ \"Out_of_state_Tuition\" ] , \"facet\" : [ \"Main_Campus\" ] } , \"groupByInfo\" : { \"selectedDim\" : \"Main_Campus\" , \"viewType\" : \"Individual Instance\" , \"instanceIndex\" : \"0\" , \"uniqueInstances\" : [ \"No\" , \"Yes\" ] } } } ) | Collect ( 500 ) ) ) ;","Frame ( ) | Select ( State_1 , Average ( Out_of_state_Tuition ) , Main_Campus ) .as ( [ State_1 , AverageofOut_of_state_Tuition , Main_Campus ] ) | Group ( State_1 , Main_Campus ) | Filter ( Main_Campus == \"Yes\" ) | With ( Panel ( 0 ) ) | Format ( type = [ 'table' ] ) | TaskOptions ( { \"0\" : { \"layout\" : \"Choropleth\" , \"alignment\" : { \"label\" : [ \"State_1\" ] , \"value\" : [ \"AverageofOut_of_state_Tuition\" ] , \"facet\" : [ \"Main_Campus\" ] , \"groupBy\" : [ \"Main_Campus\" ] } , \"groupByInfo\" : { \"selectedDim\" : \"Main_Campus\" , \"viewType\" : \"Individual Instance\" , \"instanceIndex\" : \"1\" , \"uniqueInstances\" : [ \"No\" , \"Yes\" ] } } } ) | Collect ( 500 ) ;","Frame ( ) | Select ( State_1 , Average ( Out_of_state_Tuition ) , Main_Campus ) .as ( [ State_1 , AverageofOut_of_state_Tuition , Main_Campus ] ) | Group ( State_1 , Main_Campus ) | Filter ( Main_Campus == \"No\" ) | With ( Panel ( 0 ) ) | Format ( type = [ 'table' ] ) | TaskOptions ( { \"0\" : { \"layout\" : \"Choropleth\" , \"alignment\" : { \"label\" : [ \"State_1\" ] , \"value\" : [ \"AverageofOut_of_state_Tuition\" ] , \"groupBy\" : [ \"Main_Campus\" ] , \"facet\" : [ \"Main_Campus\" ] } , \"groupByInfo\" : { \"selectedDim\" : \"Main_Campus\" , \"viewType\" : \"Individual Instance\" , \"instanceIndex\" : \"0\" , \"uniqueInstances\" : [ \"No\" , \"Yes\" ] } } } ) | Collect ( 500 ) ;"]}