{"insightID":"00814a37-c3c6-4f9b-b24a-9420db60ca7f","pixelReturn":[{"pixelExpression":"CachedPanel ( \"0\" ) ;","isMeta":false,"output":{"panelId":"0","view":"visualization","viewOptions":"{\"type\":\"echarts\"}","config":{"type":"STANDARD","opacity":100.0},"viewOptionsMap":{"federate-view":{"app_id":"ec40eeae-0a36-4263-93b8-9098b033eff1"},"visualization":{"type":"echarts"}},"ornaments":{},"events":{"onSingleClick":{"Unfilter":[{"disabledVisuals":["Grid","Sunburst"],"default":true,"query":"UnfilterFrame(<SelectedColumn>);","options":{},"refresh":false,"disabled":false,"panel":""}]},"onBrush":{"Filter":[{"default":true,"query":"if(IsEmpty(<SelectedValues>), UnfilterFrame(<SelectedColumn>), SetFrameFilter(<SelectedColumn>==<SelectedValues>));","options":{},"refresh":false,"disabled":false,"panel":""}]}},"grf":[],"orderBys":[],"comments":{},"position":{},"colorByValue":{}},"operationType":["CACHED_PANEL"]},{"pixelExpression":"Frame ( ) | Select ( State_1 , Average ( Out_of_state_Tuition ) , Main_Campus ) .as ( [ State_1 , AverageofOut_of_state_Tuition , Main_Campus ] ) | Group ( State_1 , Main_Campus ) | Filter ( Main_Campus == \"No\" ) | With ( Panel ( 0 ) ) | Format ( type = [ 'table' ] ) | TaskOptions ( { \"0\" : { \"layout\" : \"Choropleth\" , \"alignment\" : { \"label\" : [ \"State_1\" ] , \"value\" : [ \"AverageofOut_of_state_Tuition\" ] , \"groupBy\" : [ \"Main_Campus\" ] , \"facet\" : [ \"Main_Campus\" ] } , \"groupByInfo\" : { \"selectedDim\" : \"Main_Campus\" , \"viewType\" : \"Individual Instance\" , \"instanceIndex\" : \"0\" , \"uniqueInstances\" : [ \"No\" , \"Yes\" ] } } } ) | Collect ( 500 ) ;","isMeta":false,"output":{"data":{"values":[["AL",15348,"No"],["AZ",22289,"No"],["CA",23275,"No"],["CO",25347,"No"],["CT",33819,"No"],["FL",16250,"No"],["GA",16487,"No"],["IA",15352,"No"],["IL",13900,"No"],["IN",16147,"No"],["LA",11745,"No"],["MD",12975,"No"],["ME",11601,"No"],["MI",21319,"No"],["MN",13258,"No"],["MO",19589,"No"],["MS",15980,"No"],["MT",8595,"No"],["NC",16088,"No"],["NE",16200,"No"],["NH",28295,"No"],["NJ",28053,"No"],["NM",6281,"No"],["NV",18680,"No"],["NY",22438,"No"],["OH",15082,"No"],["OR",18099,"No"],["PA",20798,"No"],["PR",6005,"No"],["SC",14197,"No"],["TN",14871,"No"],["TX",16680,"No"],["UT",13271,"No"],["VA",17128,"No"],["WA",24567,"No"],["WI",14355,"No"],["WV",10416,"No"]],"headers":["State_1","AverageofOut_of_state_Tuition","Main_Campus"],"rawHeaders":["STATE_1","AverageofOut_of_state_Tuition","MAIN_CAMPUS"]},"format":{"type":"TABLE"},"headerInfo":[{"alias":"State_1","header":"State_1","type":"STRING","derived":false},{"alias":"AverageofOut_of_state_Tuition","header":"AverageofOut_of_state_Tuition","calculatedBy":"Out_of_state_Tuition","groupBy":["State_1","Main_Campus"],"math":"Average","type":"NUMBER","derived":true},{"alias":"Main_Campus","header":"Main_Campus","type":"STRING","derived":false}],"sortInfo":[],"numCollected":500,"taskOptions":{"0":{"layout":"Choropleth","groupByInfo":{"uniqueInstances":["No","Yes"],"viewType":"Individual Instance","selectedDim":"Main_Campus","instanceIndex":"0"},"alignment":{"label":["State_1"],"groupBy":["Main_Campus"],"value":["AverageofOut_of_state_Tuition"],"facet":["Main_Campus"]}}},"filterInfo":[{"filterObj":{"comparator":"==","left":{"type":"COLUMN","value":"Main_Campus"},"right":{"type":"CONST_STRING","value":"No"},"filterType":"SIMPLE"},"filterStr":"Main_Campus == No"}],"taskId":"task1"},"operationType":["TASK_DATA"]}]}