{"engineId":"ec40eeae-0a36-4263-93b8-9098b033eff1","engineName":"College","rdbmsId":"545fda8a-923d-4593-b7d3-cd0f493c6e22","varstore":{},"frames":[{"file":"@BaseFolder@/db/@ENGINE@/version/545fda8a-923d-4593-b7d3-cd0f493c6e22/FRAME498935.gz","meta":"@BaseFolder@/db/@ENGINE@/version/545fda8a-923d-4593-b7d3-cd0f493c6e22/METADATA__FRAME498935.owl","state":null,"type":"prerna.ds.h2.H2Frame","name":"FRAME498935","keys":["FRAME498935","$CUR_FRAME_KEY"]}],"panels":[{"panelId":"0","panelLabel":null,"view":"visualization","viewOptions":"{\"type\":\"standard\"}","viewOptionsMap":"{\"federate-view\":{\"app_id\":\"ec40eeae-0a36-4263-93b8-9098b033eff1\"},\"visualization\":{\"type\":\"standard\"}}","config":"{\"type\":\"STANDARD\",\"opacity\":100}","ornaments":"{}","events":"{\"onSingleClick\":{\"Unfilter\":[{\"disabledVisuals\":[\"Grid\",\"Sunburst\"],\"default\":true,\"query\":\"UnfilterFrame(<SelectedColumn>);\",\"options\":{},\"refresh\":false,\"disabled\":false,\"panel\":\"\"}]},\"onBrush\":{\"Filter\":[{\"default\":true,\"query\":\"if(IsEmpty(<SelectedValues>), UnfilterFrame(<SelectedColumn>), SetFrameFilter(<SelectedColumn>==<SelectedValues>));\",\"options\":{},\"refresh\":false,\"disabled\":false,\"panel\":\"\"}]}}","comments":"{}","position":"{}","filters":[],"order":[],"cbv":{}},{"panelId":"1","panelLabel":null,"view":"visualization","viewOptions":"{\"type\":\"echarts\"}","viewOptionsMap":"{\"federate-view\":{\"app_id\":\"ec40eeae-0a36-4263-93b8-9098b033eff1\"},\"visualization\":{\"type\":\"echarts\"}}","config":"{\"type\":\"STANDARD\",\"opacity\":100.0}","ornaments":"{\"tools\":{\"shared\":{\"toggleLegend\":true,\"toggleAverage\":true,\"toggleStack\":true}}}","events":"{\"onSingleClick\":{\"Unfilter\":[{\"disabledVisuals\":[\"Grid\",\"Sunburst\"],\"default\":true,\"query\":\"UnfilterFrame(<SelectedColumn>);\",\"options\":{},\"refresh\":false,\"disabled\":false,\"panel\":\"\"}]},\"onBrush\":{\"Filter\":[{\"default\":true,\"query\":\"if(IsEmpty(<SelectedValues>), UnfilterFrame(<SelectedColumn>), SetFrameFilter(<SelectedColumn>==<SelectedValues>));\",\"options\":{},\"refresh\":false,\"disabled\":false,\"panel\":\"\"}]}}","comments":"{}","position":"{}","filters":[],"order":["{\"sortDir\":\"ASC\",\"column\":\"PRIM_KEY_PLACEHOLDER\",\"table\":\"In_state_Tuition\",\"alias\":\"\"}"],"cbv":{}},{"panelId":"2","panelLabel":null,"view":"visualization","viewOptions":"{\"type\":\"echarts\"}","viewOptionsMap":"{\"federate-view\":{\"app_id\":\"ec40eeae-0a36-4263-93b8-9098b033eff1\"},\"visualization\":{\"type\":\"echarts\"}}","config":"{\"type\":\"STANDARD\",\"opacity\":100.0}","ornaments":"{\"tools\":{\"shared\":{\"toggleLegend\":true,\"toggleAverage\":true,\"toggleStack\":true}}}","events":"{\"onSingleClick\":{\"Unfilter\":[{\"disabledVisuals\":[\"Grid\",\"Sunburst\"],\"default\":true,\"query\":\"UnfilterFrame(<SelectedColumn>);\",\"options\":{},\"refresh\":false,\"disabled\":false,\"panel\":\"\"}]},\"onBrush\":{\"Filter\":[{\"default\":true,\"query\":\"if(IsEmpty(<SelectedValues>), UnfilterFrame(<SelectedColumn>), SetFrameFilter(<SelectedColumn>==<SelectedValues>));\",\"options\":{},\"refresh\":false,\"disabled\":false,\"panel\":\"\"}]}}","comments":"{}","position":"{}","filters":[],"order":[],"cbv":{}},{"panelId":"3","panelLabel":"Undergrad_Enrollment Filter","view":"DashboardFilter","viewOptions":null,"viewOptionsMap":"{}","config":"{\"subType\":\"\",\"type\":\"COLLAPSIBLE\",\"opacity\":100}","ornaments":"{\"dashboardFilter\":{\"instances\":[\"Undergrad_Enrollment\"],\"viewType\":\"List\",\"singleSelect\":\"Multi Select\"}}","events":"{}","comments":"{}","position":"{}","filters":[],"order":[],"cbv":{}},{"panelId":"4","panelLabel":"State_1 Filter","view":"DashboardFilter","viewOptions":null,"viewOptionsMap":"{}","config":"{\"subType\":\"\",\"type\":\"COLLAPSIBLE\",\"opacity\":100}","ornaments":"{\"dashboardFilter\":{\"instances\":[\"State_1\"],\"viewType\":\"List\",\"singleSelect\":\"Multi Select\"}}","events":"{}","comments":"{}","position":"{}","filters":[],"order":[],"cbv":{}}],"tasks":{"tasks":[{"type":"basic","task":{"taskType":"basic","id":"task1","numCollected":500,"internalOffset":0,"taskOptions":"{\"options\":{\"0\":{\"layout\":\"Grid\",\"alignment\":{\"label\":[\"ACT_CUM_75\",\"Adm_Rate\",\"Avg_Cost_Academic_Year\",\"Avg_Cost_Program_Year\",\"Avg_Fac_Sal\",\"City\",\"City_State\",\"COLLEGE\",\"Compl_Repay_1yr_Rate\",\"Compl_Repay_7yr_Rate\",\"CompletionRate_150_4\",\"CompletionRate_150_L4\",\"Control\",\"Highest_Deg\",\"In_state_Tuition\",\"Institution_Name\",\"Lat\",\"Level_of_institution\",\"Locale\",\"Long_1\",\"Low_Inc_Aid\",\"Main_Campus\",\"Noncom_Repay_1yr_Rate\",\"Noncom_Repay_7yr_Rate\",\"Out_of_state_Tuition\",\"Parent_Ed_HS\",\"Parent_Ed_MS\",\"Parent_Ed_PS\",\"Percent_2OrMore\",\"Percent_AIAN\",\"Percent_Asian\",\"Percent_Black\",\"Percent_Female\",\"Percent_First_Gen\",\"Percent_Full_time_Fac\",\"Percent_Hisp\",\"Percent_Male\",\"Percent_NHPI\",\"Percent_NRA\",\"Percent_Part_time\",\"Percent_UNKN\",\"Percent_Veterans\",\"Percent_White\",\"Predominant_Ugrad_Deg\",\"Religious_Affiliation\",\"RetentionRate_FT4\",\"RetentionRate_FTL4\",\"RetentionRate_PT4\",\"RetentionRate_PTL4\",\"SAT_M_75\",\"SAT_R_75\",\"SAT_W_75\",\"State_1\",\"TIV_Approval_Date\",\"Top3Majors\",\"Undergrad_Enrollment\",\"URL\",\"Zip\"]}}}}","qs":{"qsType":"FRAME","isDistinct":true,"overrideImplicit":false,"limit":500,"offset":0,"relations":"[]","selectors":[{"type":"COLUMN","content":{"table":"FRAME498935","column":"ACT_CUM_75","alias":"ACT_CUM_75","tableAlias":null}},{"type":"COLUMN","content":{"table":"FRAME498935","column":"Adm_Rate","alias":"Adm_Rate","tableAlias":null}},{"type":"COLUMN","content":{"table":"FRAME498935","column":"Avg_Cost_Academic_Year","alias":"Avg_Cost_Academic_Year","tableAlias":null}},{"type":"COLUMN","content":{"table":"FRAME498935","column":"Avg_Cost_Program_Year","alias":"Avg_Cost_Program_Year","tableAlias":null}},{"type":"COLUMN","content":{"table":"FRAME498935","column":"Avg_Fac_Sal","alias":"Avg_Fac_Sal","tableAlias":null}},{"type":"COLUMN","content":{"table":"FRAME498935","column":"City","alias":"City","tableAlias":null}},{"type":"COLUMN","content":{"table":"FRAME498935","column":"City_State","alias":"City_State","tableAlias":null}},{"type":"COLUMN","content":{"table":"FRAME498935","column":"COLLEGE","alias":"COLLEGE","tableAlias":null}},{"type":"COLUMN","content":{"table":"FRAME498935","column":"Compl_Repay_1yr_Rate","alias":"Compl_Repay_1yr_Rate","tableAlias":null}},{"type":"COLUMN","content":{"table":"FRAME498935","column":"Compl_Repay_7yr_Rate","alias":"Compl_Repay_7yr_Rate","tableAlias":null}},{"type":"COLUMN","content":{"table":"FRAME498935","column":"CompletionRate_150_4","alias":"CompletionRate_150_4","tableAlias":null}},{"type":"COLUMN","content":{"table":"FRAME498935","column":"CompletionRate_150_L4","alias":"CompletionRate_150_L4","tableAlias":null}},{"type":"COLUMN","content":{"table":"FRAME498935","column":"Control","alias":"Control","tableAlias":null}},{"type":"COLUMN","content":{"table":"FRAME498935","column":"Highest_Deg","alias":"Highest_Deg","tableAlias":null}},{"type":"COLUMN","content":{"table":"FRAME498935","column":"In_state_Tuition","alias":"In_state_Tuition","tableAlias":null}},{"type":"COLUMN","content":{"table":"FRAME498935","column":"Institution_Name","alias":"Institution_Name","tableAlias":null}},{"type":"COLUMN","content":{"table":"FRAME498935","column":"Lat","alias":"Lat","tableAlias":null}},{"type":"COLUMN","content":{"table":"FRAME498935","column":"Level_of_institution","alias":"Level_of_institution","tableAlias":null}},{"type":"COLUMN","content":{"table":"FRAME498935","column":"Locale","alias":"Locale","tableAlias":null}},{"type":"COLUMN","content":{"table":"FRAME498935","column":"Long_1","alias":"Long_1","tableAlias":null}},{"type":"COLUMN","content":{"table":"FRAME498935","column":"Low_Inc_Aid","alias":"Low_Inc_Aid","tableAlias":null}},{"type":"COLUMN","content":{"table":"FRAME498935","column":"Main_Campus","alias":"Main_Campus","tableAlias":null}},{"type":"COLUMN","content":{"table":"FRAME498935","column":"Noncom_Repay_1yr_Rate","alias":"Noncom_Repay_1yr_Rate","tableAlias":null}},{"type":"COLUMN","content":{"table":"FRAME498935","column":"Noncom_Repay_7yr_Rate","alias":"Noncom_Repay_7yr_Rate","tableAlias":null}},{"type":"COLUMN","content":{"table":"FRAME498935","column":"Out_of_state_Tuition","alias":"Out_of_state_Tuition","tableAlias":null}},{"type":"COLUMN","content":{"table":"FRAME498935","column":"Parent_Ed_HS","alias":"Parent_Ed_HS","tableAlias":null}},{"type":"COLUMN","content":{"table":"FRAME498935","column":"Parent_Ed_MS","alias":"Parent_Ed_MS","tableAlias":null}},{"type":"COLUMN","content":{"table":"FRAME498935","column":"Parent_Ed_PS","alias":"Parent_Ed_PS","tableAlias":null}},{"type":"COLUMN","content":{"table":"FRAME498935","column":"Percent_2OrMore","alias":"Percent_2OrMore","tableAlias":null}},{"type":"COLUMN","content":{"table":"FRAME498935","column":"Percent_AIAN","alias":"Percent_AIAN","tableAlias":null}},{"type":"COLUMN","content":{"table":"FRAME498935","column":"Percent_Asian","alias":"Percent_Asian","tableAlias":null}},{"type":"COLUMN","content":{"table":"FRAME498935","column":"Percent_Black","alias":"Percent_Black","tableAlias":null}},{"type":"COLUMN","content":{"table":"FRAME498935","column":"Percent_Female","alias":"Percent_Female","tableAlias":null}},{"type":"COLUMN","content":{"table":"FRAME498935","column":"Percent_First_Gen","alias":"Percent_First_Gen","tableAlias":null}},{"type":"COLUMN","content":{"table":"FRAME498935","column":"Percent_Full_time_Fac","alias":"Percent_Full_time_Fac","tableAlias":null}},{"type":"COLUMN","content":{"table":"FRAME498935","column":"Percent_Hisp","alias":"Percent_Hisp","tableAlias":null}},{"type":"COLUMN","content":{"table":"FRAME498935","column":"Percent_Male","alias":"Percent_Male","tableAlias":null}},{"type":"COLUMN","content":{"table":"FRAME498935","column":"Percent_NHPI","alias":"Percent_NHPI","tableAlias":null}},{"type":"COLUMN","content":{"table":"FRAME498935","column":"Percent_NRA","alias":"Percent_NRA","tableAlias":null}},{"type":"COLUMN","content":{"table":"FRAME498935","column":"Percent_Part_time","alias":"Percent_Part_time","tableAlias":null}},{"type":"COLUMN","content":{"table":"FRAME498935","column":"Percent_UNKN","alias":"Percent_UNKN","tableAlias":null}},{"type":"COLUMN","content":{"table":"FRAME498935","column":"Percent_Veterans","alias":"Percent_Veterans","tableAlias":null}},{"type":"COLUMN","content":{"table":"FRAME498935","column":"Percent_White","alias":"Percent_White","tableAlias":null}},{"type":"COLUMN","content":{"table":"FRAME498935","column":"Predominant_Ugrad_Deg","alias":"Predominant_Ugrad_Deg","tableAlias":null}},{"type":"COLUMN","content":{"table":"FRAME498935","column":"Religious_Affiliation","alias":"Religious_Affiliation","tableAlias":null}},{"type":"COLUMN","content":{"table":"FRAME498935","column":"RetentionRate_FT4","alias":"RetentionRate_FT4","tableAlias":null}},{"type":"COLUMN","content":{"table":"FRAME498935","column":"RetentionRate_FTL4","alias":"RetentionRate_FTL4","tableAlias":null}},{"type":"COLUMN","content":{"table":"FRAME498935","column":"RetentionRate_PT4","alias":"RetentionRate_PT4","tableAlias":null}},{"type":"COLUMN","content":{"table":"FRAME498935","column":"RetentionRate_PTL4","alias":"RetentionRate_PTL4","tableAlias":null}},{"type":"COLUMN","content":{"table":"FRAME498935","column":"SAT_M_75","alias":"SAT_M_75","tableAlias":null}},{"type":"COLUMN","content":{"table":"FRAME498935","column":"SAT_R_75","alias":"SAT_R_75","tableAlias":null}},{"type":"COLUMN","content":{"table":"FRAME498935","column":"SAT_W_75","alias":"SAT_W_75","tableAlias":null}},{"type":"COLUMN","content":{"table":"FRAME498935","column":"State_1","alias":"State_1","tableAlias":null}},{"type":"COLUMN","content":{"table":"FRAME498935","column":"TIV_Approval_Date","alias":"TIV_Approval_Date","tableAlias":null}},{"type":"COLUMN","content":{"table":"FRAME498935","column":"Top3Majors","alias":"Top3Majors","tableAlias":null}},{"type":"COLUMN","content":{"table":"FRAME498935","column":"Undergrad_Enrollment","alias":"Undergrad_Enrollment","tableAlias":null}},{"type":"COLUMN","content":{"table":"FRAME498935","column":"URL","alias":"URL","tableAlias":null}},{"type":"COLUMN","content":{"table":"FRAME498935","column":"Zip","alias":"Zip","tableAlias":null}}]}}},{"type":"basic","task":{"taskType":"basic","id":"task3","numCollected":500,"internalOffset":0,"taskOptions":"{\"options\":{\"0\":{\"layout\":\"Map\",\"alignment\":{\"size\":[],\"color\":[],\"latitude\":[\"Lat\"],\"tooltip\":[],\"label\":[\"Institution_Name\"],\"facet\":[],\"longitude\":[\"Long_1\"]}}}}","qs":{"qsType":"FRAME","isDistinct":true,"overrideImplicit":false,"limit":500,"offset":0,"relations":"[]","selectors":[{"type":"COLUMN","content":{"table":"Institution_Name","column":"PRIM_KEY_PLACEHOLDER","alias":"Institution_Name","tableAlias":null}},{"type":"COLUMN","content":{"table":"Lat","column":"PRIM_KEY_PLACEHOLDER","alias":"Lat","tableAlias":null}},{"type":"COLUMN","content":{"table":"Long_1","column":"PRIM_KEY_PLACEHOLDER","alias":"Long_1","tableAlias":null}}]}}},{"type":"basic","task":{"taskType":"basic","id":"task5","numCollected":-1,"internalOffset":0,"taskOptions":"{\"options\":{\"0\":{\"layout\":\"Map\",\"alignment\":{\"latitude\":[\"Lat\"],\"label\":[\"Institution_Name\"],\"longitude\":[\"Long_1\"]}}}}","qs":{"qsType":"FRAME","isDistinct":true,"overrideImplicit":false,"limit":-1,"offset":0,"relations":"[]","selectors":[{"type":"COLUMN","content":{"table":"Lat","column":"PRIM_KEY_PLACEHOLDER","alias":"Lat","tableAlias":null}},{"type":"COLUMN","content":{"table":"Institution_Name","column":"PRIM_KEY_PLACEHOLDER","alias":"Institution_Name","tableAlias":null}},{"type":"COLUMN","content":{"table":"Long_1","column":"PRIM_KEY_PLACEHOLDER","alias":"Long_1","tableAlias":null}}]}}},{"type":"basic","task":{"taskType":"basic","id":"task7","numCollected":-1,"internalOffset":0,"taskOptions":"{\"options\":{\"0\":{\"layout\":\"Map\",\"alignment\":{\"size\":[],\"color\":[\"Control\"],\"latitude\":[\"Lat\"],\"tooltip\":[],\"label\":[\"Institution_Name\"],\"longitude\":[\"Long_1\"]}}}}","qs":{"qsType":"FRAME","isDistinct":true,"overrideImplicit":false,"limit":-1,"offset":0,"relations":"[]","selectors":[{"type":"COLUMN","content":{"table":"Institution_Name","column":"PRIM_KEY_PLACEHOLDER","alias":"Institution_Name","tableAlias":null}},{"type":"COLUMN","content":{"table":"Lat","column":"PRIM_KEY_PLACEHOLDER","alias":"Lat","tableAlias":null}},{"type":"COLUMN","content":{"table":"Long_1","column":"PRIM_KEY_PLACEHOLDER","alias":"Long_1","tableAlias":null}},{"type":"COLUMN","content":{"table":"Control","column":"PRIM_KEY_PLACEHOLDER","alias":"Control","tableAlias":null}}]}}},{"type":"basic","task":{"taskType":"basic","id":"task9","numCollected":500,"internalOffset":0,"taskOptions":"{\"options\":{\"1\":{\"layout\":\"Column\",\"alignment\":{\"tooltip\":[],\"label\":[\"Institution_Name\"],\"value\":[\"In_state_Tuition\"]}}}}","qs":{"qsType":"FRAME","isDistinct":true,"overrideImplicit":false,"limit":500,"offset":0,"relations":"[]","selectors":[{"type":"COLUMN","content":{"table":"Institution_Name","column":"PRIM_KEY_PLACEHOLDER","alias":"Institution_Name","tableAlias":null}},{"type":"COLUMN","content":{"table":"In_state_Tuition","column":"PRIM_KEY_PLACEHOLDER","alias":"In_state_Tuition","tableAlias":null}}]}}},{"type":"basic","task":{"taskType":"basic","id":"task11","numCollected":500,"internalOffset":0,"taskOptions":"{\"options\":{\"1\":{\"layout\":\"Column\",\"alignment\":{\"tooltip\":[],\"label\":[\"Institution_Name\"],\"value\":[\"In_state_Tuition\",\"Out_of_state_Tuition\"],\"facet\":[]}}}}","qs":{"qsType":"FRAME","isDistinct":true,"overrideImplicit":false,"limit":500,"offset":0,"relations":"[]","selectors":[{"type":"COLUMN","content":{"table":"Institution_Name","column":"PRIM_KEY_PLACEHOLDER","alias":"Institution_Name","tableAlias":null}},{"type":"COLUMN","content":{"table":"In_state_Tuition","column":"PRIM_KEY_PLACEHOLDER","alias":"In_state_Tuition","tableAlias":null}},{"type":"COLUMN","content":{"table":"Out_of_state_Tuition","column":"PRIM_KEY_PLACEHOLDER","alias":"Out_of_state_Tuition","tableAlias":null}}]}}},{"type":"basic","task":{"taskType":"basic","id":"task13","numCollected":500,"internalOffset":0,"taskOptions":"{\"options\":{\"1\":{\"layout\":\"Column\",\"alignment\":{\"label\":[\"Institution_Name\"],\"value\":[\"In_state_Tuition\",\"Out_of_state_Tuition\"]}}}}","qs":{"qsType":"FRAME","isDistinct":true,"overrideImplicit":false,"limit":500,"offset":0,"relations":"[]","orders":["{\"sortDir\":\"ASC\",\"column\":\"PRIM_KEY_PLACEHOLDER\",\"table\":\"Out_of_state_Tuition\",\"alias\":\"\"}"],"selectors":[{"type":"COLUMN","content":{"table":"Institution_Name","column":"PRIM_KEY_PLACEHOLDER","alias":"Institution_Name","tableAlias":null}},{"type":"COLUMN","content":{"table":"In_state_Tuition","column":"PRIM_KEY_PLACEHOLDER","alias":"In_state_Tuition","tableAlias":null}},{"type":"COLUMN","content":{"table":"Out_of_state_Tuition","column":"PRIM_KEY_PLACEHOLDER","alias":"Out_of_state_Tuition","tableAlias":null}}]}}},{"type":"basic","task":{"taskType":"basic","id":"task15","numCollected":500,"internalOffset":0,"taskOptions":"{\"options\":{\"1\":{\"layout\":\"Column\",\"alignment\":{\"label\":[\"Institution_Name\"],\"value\":[\"In_state_Tuition\",\"Out_of_state_Tuition\"]}}}}","qs":{"qsType":"FRAME","isDistinct":true,"overrideImplicit":false,"limit":500,"offset":0,"relations":"[]","selectors":[{"type":"COLUMN","content":{"table":"Institution_Name","column":"PRIM_KEY_PLACEHOLDER","alias":"Institution_Name","tableAlias":null}},{"type":"COLUMN","content":{"table":"In_state_Tuition","column":"PRIM_KEY_PLACEHOLDER","alias":"In_state_Tuition","tableAlias":null}},{"type":"COLUMN","content":{"table":"Out_of_state_Tuition","column":"PRIM_KEY_PLACEHOLDER","alias":"Out_of_state_Tuition","tableAlias":null}}]}}},{"type":"basic","task":{"taskType":"basic","id":"task17","numCollected":500,"internalOffset":0,"taskOptions":"{\"options\":{\"1\":{\"layout\":\"Column\",\"alignment\":{\"label\":[\"Institution_Name\"],\"value\":[\"In_state_Tuition\",\"Out_of_state_Tuition\"]}}}}","qs":{"qsType":"FRAME","isDistinct":true,"overrideImplicit":false,"limit":500,"offset":0,"relations":"[]","orders":["{\"sortDir\":\"ASC\",\"column\":\"PRIM_KEY_PLACEHOLDER\",\"table\":\"Out_of_state_Tuition\",\"alias\":\"\"}"],"selectors":[{"type":"COLUMN","content":{"table":"Institution_Name","column":"PRIM_KEY_PLACEHOLDER","alias":"Institution_Name","tableAlias":null}},{"type":"COLUMN","content":{"table":"In_state_Tuition","column":"PRIM_KEY_PLACEHOLDER","alias":"In_state_Tuition","tableAlias":null}},{"type":"COLUMN","content":{"table":"Out_of_state_Tuition","column":"PRIM_KEY_PLACEHOLDER","alias":"Out_of_state_Tuition","tableAlias":null}}]}}},{"type":"basic","task":{"taskType":"basic","id":"task19","numCollected":500,"internalOffset":0,"taskOptions":"{\"options\":{\"1\":{\"layout\":\"Column\",\"alignment\":{\"label\":[\"Institution_Name\"],\"value\":[\"In_state_Tuition\",\"Out_of_state_Tuition\"]}}}}","qs":{"qsType":"FRAME","isDistinct":true,"overrideImplicit":false,"limit":500,"offset":0,"relations":"[]","selectors":[{"type":"COLUMN","content":{"table":"Institution_Name","column":"PRIM_KEY_PLACEHOLDER","alias":"Institution_Name","tableAlias":null}},{"type":"COLUMN","content":{"table":"In_state_Tuition","column":"PRIM_KEY_PLACEHOLDER","alias":"In_state_Tuition","tableAlias":null}},{"type":"COLUMN","content":{"table":"Out_of_state_Tuition","column":"PRIM_KEY_PLACEHOLDER","alias":"Out_of_state_Tuition","tableAlias":null}}]}}},{"type":"basic","task":{"taskType":"basic","id":"task21","numCollected":500,"internalOffset":0,"taskOptions":"{\"options\":{\"1\":{\"layout\":\"Column\",\"alignment\":{\"label\":[\"Institution_Name\"],\"value\":[\"In_state_Tuition\",\"Out_of_state_Tuition\"]}}}}","qs":{"qsType":"FRAME","isDistinct":true,"overrideImplicit":false,"limit":500,"offset":0,"relations":"[]","orders":["{\"sortDir\":\"ASC\",\"column\":\"PRIM_KEY_PLACEHOLDER\",\"table\":\"In_state_Tuition\",\"alias\":\"\"}"],"selectors":[{"type":"COLUMN","content":{"table":"Institution_Name","column":"PRIM_KEY_PLACEHOLDER","alias":"Institution_Name","tableAlias":null}},{"type":"COLUMN","content":{"table":"In_state_Tuition","column":"PRIM_KEY_PLACEHOLDER","alias":"In_state_Tuition","tableAlias":null}},{"type":"COLUMN","content":{"table":"Out_of_state_Tuition","column":"PRIM_KEY_PLACEHOLDER","alias":"Out_of_state_Tuition","tableAlias":null}}]}}},{"type":"basic","task":{"taskType":"basic","id":"task23","numCollected":500,"internalOffset":0,"taskOptions":"{\"options\":{\"2\":{\"layout\":\"Scatter\",\"alignment\":{\"series\":[],\"x\":[\"SAT_M_75\"],\"y\":[\"SAT_R_75\"],\"z\":[],\"label\":[\"Institution_Name\"],\"facet\":[]}}}}","qs":{"qsType":"FRAME","isDistinct":true,"overrideImplicit":false,"limit":500,"offset":0,"relations":"[]","selectors":[{"type":"COLUMN","content":{"table":"Institution_Name","column":"PRIM_KEY_PLACEHOLDER","alias":"Institution_Name","tableAlias":null}},{"type":"COLUMN","content":{"table":"SAT_M_75","column":"PRIM_KEY_PLACEHOLDER","alias":"SAT_M_75","tableAlias":null}},{"type":"COLUMN","content":{"table":"SAT_R_75","column":"PRIM_KEY_PLACEHOLDER","alias":"SAT_R_75","tableAlias":null}}]}}}],"taskCounter":24},"recipe":["AddPanel ( 0 ) ;","Panel ( 0 ) | AddPanelConfig ( config = [ { \"config\" : { \"type\" : \"STANDARD\" , \"opacity\" : 100 } } ] ) ;","Panel ( 0 ) | AddPanelEvents ( { \"onSingleClick\" : { \"Unfilter\" : [ { \"panel\" : \"\" , \"query\" : \"<encode>UnfilterFrame(<SelectedColumn>);</encode>\" , \"options\" : { } , \"refresh\" : false , \"default\" : true , \"disabledVisuals\" : [ \"Grid\" , \"Sunburst\" ] , \"disabled\" : false } ] } , \"onBrush\" : { \"Filter\" : [ { \"panel\" : \"\" , \"query\" : \"<encode>if(IsEmpty(<SelectedValues>), UnfilterFrame(<SelectedColumn>), SetFrameFilter(<SelectedColumn>==<SelectedValues>));</encode>\" , \"options\" : { } , \"refresh\" : false , \"default\" : true , \"disabled\" : false } ] } } ) ;","Panel ( 0 ) | RetrievePanelEvents ( ) ;","Panel ( 0 ) | SetPanelView ( \"visualization\" , \"<encode>{\"type\":\"echarts\"}</encode>\" ) ;","Panel ( 0 ) | SetPanelView ( \"federate-view\" , \"<encode>{\"app_id\":\"ec40eeae-0a36-4263-93b8-9098b033eff1\"}</encode>\" ) ;","CreateFrame ( frameType = [ GRID ] ) .as ( [ 'FRAME498935' ] ) ;","Database ( database = [ \"ec40eeae-0a36-4263-93b8-9098b033eff1\" ] ) | Select ( COLLEGE , COLLEGE__ACT_CUM_75 , COLLEGE__Adm_Rate , COLLEGE__Avg_Cost_Academic_Year , COLLEGE__Avg_Cost_Program_Year , COLLEGE__Avg_Fac_Sal , COLLEGE__City , COLLEGE__City_State , COLLEGE__Compl_Repay_1yr_Rate , COLLEGE__Compl_Repay_7yr_Rate , COLLEGE__CompletionRate_150_4 , COLLEGE__CompletionRate_150_L4 , COLLEGE__Control , COLLEGE__Highest_Deg , COLLEGE__In_state_Tuition , COLLEGE__Institution_Name , COLLEGE__Lat , COLLEGE__Level_of_institution , COLLEGE__Locale , COLLEGE__Long_1 , COLLEGE__Low_Inc_Aid , COLLEGE__Main_Campus , COLLEGE__Noncom_Repay_1yr_Rate , COLLEGE__Noncom_Repay_7yr_Rate , COLLEGE__Out_of_state_Tuition , COLLEGE__Parent_Ed_HS , COLLEGE__Parent_Ed_MS , COLLEGE__Parent_Ed_PS , COLLEGE__Percent_2OrMore , COLLEGE__Percent_AIAN , COLLEGE__Percent_Asian , COLLEGE__Percent_Black , COLLEGE__Percent_Female , COLLEGE__Percent_First_Gen , COLLEGE__Percent_Full_time_Fac , COLLEGE__Percent_Hisp , COLLEGE__Percent_Male , COLLEGE__Percent_NHPI , COLLEGE__Percent_NRA , COLLEGE__Percent_Part_time , COLLEGE__Percent_UNKN , COLLEGE__Percent_Veterans , COLLEGE__Percent_White , COLLEGE__Predominant_Ugrad_Deg , COLLEGE__Religious_Affiliation , COLLEGE__RetentionRate_FT4 , COLLEGE__RetentionRate_FTL4 , COLLEGE__RetentionRate_PT4 , COLLEGE__RetentionRate_PTL4 , COLLEGE__SAT_M_75 , COLLEGE__SAT_R_75 , COLLEGE__SAT_W_75 , COLLEGE__State_1 , COLLEGE__TIV_Approval_Date , COLLEGE__Top3Majors , COLLEGE__URL , COLLEGE__Undergrad_Enrollment , COLLEGE__Zip ) .as ( [ COLLEGE , ACT_CUM_75 , Adm_Rate , Avg_Cost_Academic_Year , Avg_Cost_Program_Year , Avg_Fac_Sal , City , City_State , Compl_Repay_1yr_Rate , Compl_Repay_7yr_Rate , CompletionRate_150_4 , CompletionRate_150_L4 , Control , Highest_Deg , In_state_Tuition , Institution_Name , Lat , Level_of_institution , Locale , Long_1 , Low_Inc_Aid , Main_Campus , Noncom_Repay_1yr_Rate , Noncom_Repay_7yr_Rate , Out_of_state_Tuition , Parent_Ed_HS , Parent_Ed_MS , Parent_Ed_PS , Percent_2OrMore , Percent_AIAN , Percent_Asian , Percent_Black , Percent_Female , Percent_First_Gen , Percent_Full_time_Fac , Percent_Hisp , Percent_Male , Percent_NHPI , Percent_NRA , Percent_Part_time , Percent_UNKN , Percent_Veterans , Percent_White , Predominant_Ugrad_Deg , Religious_Affiliation , RetentionRate_FT4 , RetentionRate_FTL4 , RetentionRate_PT4 , RetentionRate_PTL4 , SAT_M_75 , SAT_R_75 , SAT_W_75 , State_1 , TIV_Approval_Date , Top3Majors , URL , Undergrad_Enrollment , Zip ] ) | Import ( ) ;","Panel ( 0 ) | SetPanelView ( \"visualization\" ) ;","Frame ( ) | QueryAll ( ) | AutoTaskOptions ( panel = [ \"0\" ] , layout = [ \"Grid\" ] ) | Collect ( 500 ) ;","Panel ( 0 ) | SetPanelView ( \"visualization\" , \"<encode>{\"type\":\"standard\"}</encode>\" ) ;","if ( ( HasDuplicates ( Institution_Name , Lat , Long_1 ) ) , ( Select ( Institution_Name , Lat , Long_1 ) .as ( [ Institution_Name , Lat , Long_1 ] ) | With ( Panel ( 0 ) ) | Format ( type = [ 'table' ] ) | TaskOptions ( { \"0\" : { \"layout\" : \"Map\" , \"alignment\" : { \"label\" : [ \"Institution_Name\" ] , \"latitude\" : [ \"Lat\" ] , \"longitude\" : [ \"Long_1\" ] , \"size\" : [ ] , \"color\" : [ ] , \"facet\" : [ ] , \"tooltip\" : [ ] } } } ) | Collect ( 500 ) ) , ( Select ( Institution_Name , Lat , Long_1 ) .as ( [ Institution_Name , Lat , Long_1 ] ) | With ( Panel ( 0 ) ) | Format ( type = [ 'table' ] ) | TaskOptions ( { \"0\" : { \"layout\" : \"Map\" , \"alignment\" : { \"label\" : [ \"Institution_Name\" ] , \"latitude\" : [ \"Lat\" ] , \"longitude\" : [ \"Long_1\" ] , \"size\" : [ ] , \"color\" : [ ] , \"facet\" : [ ] , \"tooltip\" : [ ] } } } ) | Collect ( 500 ) ) ) ;","ifError ( ( Frame ( ) | Select ( Lat , Institution_Name , Long_1 ) .as ( [ Lat , Institution_Name , Long_1 ] ) | With ( Panel ( 0 ) ) | Format ( type = [ 'table' ] ) | TaskOptions ( { \"0\" : { \"layout\" : \"Map\" , \"alignment\" : { \"latitude\" : [ \"Lat\" ] , \"label\" : [ \"Institution_Name\" ] , \"longitude\" : [ \"Long_1\" ] } } } ) | Collect ( - 1 ) ) , ( true ) ) ;","Panel ( 0 ) | Clone ( 1 ) ;","if ( ( HasDuplicates ( Institution_Name , Lat , Long_1 , Control ) ) , ( Select ( Institution_Name , Lat , Long_1 , Control ) .as ( [ Institution_Name , Lat , Long_1 , Control ] ) | With ( Panel ( 0 ) ) | Format ( type = [ 'table' ] ) | TaskOptions ( { \"0\" : { \"layout\" : \"Map\" , \"alignment\" : { \"label\" : [ \"Institution_Name\" ] , \"latitude\" : [ \"Lat\" ] , \"longitude\" : [ \"Long_1\" ] , \"size\" : [ ] , \"color\" : [ \"Control\" ] , \"tooltip\" : [ ] } } } ) | Collect ( - 1 ) ) , ( Select ( Institution_Name , Lat , Long_1 , Control ) .as ( [ Institution_Name , Lat , Long_1 , Control ] ) | With ( Panel ( 0 ) ) | Format ( type = [ 'table' ] ) | TaskOptions ( { \"0\" : { \"layout\" : \"Map\" , \"alignment\" : { \"label\" : [ \"Institution_Name\" ] , \"latitude\" : [ \"Lat\" ] , \"longitude\" : [ \"Long_1\" ] , \"size\" : [ ] , \"color\" : [ \"Control\" ] , \"tooltip\" : [ ] } } } ) | Collect ( - 1 ) ) ) ;","Panel ( 1 ) | SetPanelView ( \"visualization\" , \"<encode>{\"type\":\"echarts\"}</encode>\" ) ;","if ( ( HasDuplicates ( Institution_Name ) ) , ( Select ( Institution_Name , Average ( In_state_Tuition ) ) .as ( [ Institution_Name , AverageofIn_state_Tuition ] ) | Group ( Institution_Name ) | With ( Panel ( 1 ) ) | Format ( type = [ 'table' ] ) | TaskOptions ( { \"1\" : { \"layout\" : \"Column\" , \"alignment\" : { \"label\" : [ \"Institution_Name\" ] , \"value\" : [ \"AverageofIn_state_Tuition\" ] , \"tooltip\" : [ ] } } } ) | Collect ( 500 ) ) , ( Select ( Institution_Name , In_state_Tuition ) .as ( [ Institution_Name , In_state_Tuition ] ) | With ( Panel ( 1 ) ) | Format ( type = [ 'table' ] ) | TaskOptions ( { \"1\" : { \"layout\" : \"Column\" , \"alignment\" : { \"label\" : [ \"Institution_Name\" ] , \"value\" : [ \"In_state_Tuition\" ] , \"tooltip\" : [ ] } } } ) | Collect ( 500 ) ) ) ;","if ( ( HasDuplicates ( Institution_Name ) ) , ( Select ( Institution_Name , Average ( In_state_Tuition ) , Average ( Out_of_state_Tuition ) ) .as ( [ Institution_Name , AverageofIn_state_Tuition , AverageofOut_of_state_Tuition ] ) | Group ( Institution_Name ) | With ( Panel ( 1 ) ) | Format ( type = [ 'table' ] ) | TaskOptions ( { \"1\" : { \"layout\" : \"Column\" , \"alignment\" : { \"label\" : [ \"Institution_Name\" ] , \"value\" : [ \"AverageofIn_state_Tuition\" , \"AverageofOut_of_state_Tuition\" ] , \"tooltip\" : [ ] , \"facet\" : [ ] } } } ) | Collect ( 500 ) ) , ( Select ( Institution_Name , In_state_Tuition , Out_of_state_Tuition ) .as ( [ Institution_Name , In_state_Tuition , Out_of_state_Tuition ] ) | With ( Panel ( 1 ) ) | Format ( type = [ 'table' ] ) | TaskOptions ( { \"1\" : { \"layout\" : \"Column\" , \"alignment\" : { \"label\" : [ \"Institution_Name\" ] , \"value\" : [ \"In_state_Tuition\" , \"Out_of_state_Tuition\" ] , \"tooltip\" : [ ] , \"facet\" : [ ] } } } ) | Collect ( 500 ) ) ) ;","Panel ( 1 ) | AddPanelOrnaments ( { \"tools\" : { \"shared\" : { \"toggleStack\" : true } } } ) ;","Panel ( 1 ) | RetrievePanelOrnaments ( \"tools.shared.toggleStack\" ) ;","Panel ( 1 ) | AddPanelOrnaments ( { \"tools\" : { \"shared\" : { \"toggleAverage\" : true } } } ) ;","Panel ( 1 ) | RetrievePanelOrnaments ( \"tools.shared.toggleAverage\" ) ;","Panel ( 1 ) | AddPanelOrnaments ( { \"tools\" : { \"shared\" : { \"toggleLegend\" : true } } } ) ;","Panel ( 1 ) | RetrievePanelOrnaments ( \"tools.shared.toggleLegend\" ) ;","Panel ( 1 ) | SetPanelSort ( columns = [ \"Out_of_state_Tuition\" ] , sort = [ \"asc\" ] ) ;","Frame ( ) | Select ( Institution_Name , In_state_Tuition , Out_of_state_Tuition ) .as ( [ Institution_Name , In_state_Tuition , Out_of_state_Tuition ] ) | With ( Panel ( 1 ) ) | Format ( type = [ 'table' ] ) | TaskOptions ( { \"1\" : { \"layout\" : \"Column\" , \"alignment\" : { \"label\" : [ \"Institution_Name\" ] , \"value\" : [ \"In_state_Tuition\" , \"Out_of_state_Tuition\" ] } } } ) | Collect ( 500 ) ;","Panel ( 1 ) | UnsortPanel ( ) ;","Frame ( ) | Select ( Institution_Name , In_state_Tuition , Out_of_state_Tuition ) .as ( [ Institution_Name , In_state_Tuition , Out_of_state_Tuition ] ) | With ( Panel ( 1 ) ) | Format ( type = [ 'table' ] ) | TaskOptions ( { \"1\" : { \"layout\" : \"Column\" , \"alignment\" : { \"label\" : [ \"Institution_Name\" ] , \"value\" : [ \"In_state_Tuition\" , \"Out_of_state_Tuition\" ] } } } ) | Collect ( 500 ) ;","Panel ( 1 ) | SetPanelSort ( columns = [ \"Out_of_state_Tuition\" ] , sort = [ \"asc\" ] ) ;","Frame ( ) | Select ( Institution_Name , In_state_Tuition , Out_of_state_Tuition ) .as ( [ Institution_Name , In_state_Tuition , Out_of_state_Tuition ] ) | With ( Panel ( 1 ) ) | Format ( type = [ 'table' ] ) | TaskOptions ( { \"1\" : { \"layout\" : \"Column\" , \"alignment\" : { \"label\" : [ \"Institution_Name\" ] , \"value\" : [ \"In_state_Tuition\" , \"Out_of_state_Tuition\" ] } } } ) | Collect ( 500 ) ;","Panel ( 1 ) | UnsortPanel ( ) ;","Frame ( ) | Select ( Institution_Name , In_state_Tuition , Out_of_state_Tuition ) .as ( [ Institution_Name , In_state_Tuition , Out_of_state_Tuition ] ) | With ( Panel ( 1 ) ) | Format ( type = [ 'table' ] ) | TaskOptions ( { \"1\" : { \"layout\" : \"Column\" , \"alignment\" : { \"label\" : [ \"Institution_Name\" ] , \"value\" : [ \"In_state_Tuition\" , \"Out_of_state_Tuition\" ] } } } ) | Collect ( 500 ) ;","Panel ( 1 ) | SetPanelSort ( columns = [ \"In_state_Tuition\" ] , sort = [ \"asc\" ] ) ;","Frame ( ) | Select ( Institution_Name , In_state_Tuition , Out_of_state_Tuition ) .as ( [ Institution_Name , In_state_Tuition , Out_of_state_Tuition ] ) | With ( Panel ( 1 ) ) | Format ( type = [ 'table' ] ) | TaskOptions ( { \"1\" : { \"layout\" : \"Column\" , \"alignment\" : { \"label\" : [ \"Institution_Name\" ] , \"value\" : [ \"In_state_Tuition\" , \"Out_of_state_Tuition\" ] } } } ) | Collect ( 500 ) ;","Panel ( 1 ) | Clone ( 2 ) ;","if ( ( HasDuplicates ( Institution_Name ) ) , ( Select ( Institution_Name , Average ( SAT_M_75 ) , Average ( SAT_R_75 ) ) .as ( [ Institution_Name , AverageofSAT_M_75 , AverageofSAT_R_75 ] ) | Group ( Institution_Name ) | With ( Panel ( 2 ) ) | Format ( type = [ 'table' ] ) | TaskOptions ( { \"2\" : { \"layout\" : \"Scatter\" , \"alignment\" : { \"label\" : [ \"Institution_Name\" ] , \"x\" : [ \"AverageofSAT_M_75\" ] , \"y\" : [ \"AverageofSAT_R_75\" ] , \"z\" : [ ] , \"series\" : [ ] , \"facet\" : [ ] } } } ) | Collect ( 500 ) ) , ( Select ( Institution_Name , SAT_M_75 , SAT_R_75 ) .as ( [ Institution_Name , SAT_M_75 , SAT_R_75 ] ) | With ( Panel ( 2 ) ) | Format ( type = [ 'table' ] ) | TaskOptions ( { \"2\" : { \"layout\" : \"Scatter\" , \"alignment\" : { \"label\" : [ \"Institution_Name\" ] , \"x\" : [ \"SAT_M_75\" ] , \"y\" : [ \"SAT_R_75\" ] , \"z\" : [ ] , \"series\" : [ ] , \"facet\" : [ ] } } } ) | Collect ( 500 ) ) ) ;","AddPanel ( 3 ) ;","Panel ( 3 ) | AddPanelConfig ( config = [ { \"config\" : { \"type\" : \"COLLAPSIBLE\" , \"opacity\" : 100 , \"subType\" : \"\" } , \"label\" : \"Undergrad_Enrollment Filter\" } ] ) ;","Panel ( 3 ) | SetPanelView ( \"DashboardFilter\" ) ;","Panel ( 3 ) | AddPanelOrnaments ( { \"dashboardFilter\" : { \"singleSelect\" : \"Multi Select\" , \"viewType\" : \"List\" , \"instances\" : [ \"Undergrad_Enrollment\" ] } } ) | RetrievePanelOrnaments ( \"dashboardFilter\" ) ;","AddPanel ( 4 ) ;","Panel ( 4 ) | AddPanelConfig ( config = [ { \"config\" : { \"type\" : \"COLLAPSIBLE\" , \"opacity\" : 100 , \"subType\" : \"\" } , \"label\" : \"State_1 Filter\" } ] ) ;","Panel ( 4 ) | SetPanelView ( \"DashboardFilter\" ) ;","Panel ( 4 ) | AddPanelOrnaments ( { \"dashboardFilter\" : { \"singleSelect\" : \"Multi Select\" , \"viewType\" : \"List\" , \"instances\" : [ \"State_1\" ] } } ) | RetrievePanelOrnaments ( \"dashboardFilter\" ) ;"]}