{"insightID":"18350a45-48eb-4e96-81f7-b61dc0ff834d","pixelReturn":[{"pixelExpression":"CachedPanel ( \"0\" ) ;","isMeta":false,"output":{"panelId":"0","panelLabel":"Mapping by SAT Score Range","view":"visualization","viewOptions":"{\"type\":\"standard\"}","config":{"type":"STANDARD","opacity":100.0},"viewOptionsMap":{"federate-view":{"app_id":"ec40eeae-0a36-4263-93b8-9098b033eff1"},"visualization":{"type":"standard"}},"ornaments":{"tools":{"shared":{"colorName":"Eight","backgroundColor":"#FFFFFF","color":{}}}},"events":{"onSingleClick":{"filter":[{"disabledVisuals":[],"query":"SetFrameFilter(<SelectedColumn>==<SelectedValues>);","options":{},"refresh":true,"panel":""}],"Unfilter":[{"disabledVisuals":["Grid","Sunburst"],"default":true,"query":"UnfilterFrame(<SelectedColumn>);","options":{},"refresh":false,"disabled":false,"panel":""}]},"onBrush":{"Filter":[{"default":true,"query":"if(IsEmpty(<SelectedValues>), UnfilterFrame(<SelectedColumn>), SetFrameFilter(<SelectedColumn>==<SelectedValues>));","options":{},"refresh":false,"disabled":false,"panel":""}]}},"grf":[],"orderBys":[],"comments":{},"position":{},"colorByValue":{}},"operationType":["CACHED_PANEL"]},{"pixelExpression":"CachedPanel ( \"1\" ) ;","isMeta":false,"output":{"panelId":"1","panelLabel":"Majors Word Cloud","view":"visualization","viewOptions":"{\"type\":\"echarts\"}","config":{"type":"STANDARD","opacity":100.0},"viewOptionsMap":{"federate-view":{"app_id":"ec40eeae-0a36-4263-93b8-9098b033eff1"},"visualization":{"type":"echarts"}},"ornaments":{"tools":{"shared":{"colorName":"Eight","backgroundColor":"#FFFFFF","color":{"UniqueCountofInstitution Name":"#F1433F"}}}},"events":{"onSingleClick":{"Unfilter":[{"disabledVisuals":["Grid","Sunburst"],"default":true,"query":"UnfilterFrame(<SelectedColumn>);","options":{},"refresh":false,"disabled":false,"panel":""}]},"onBrush":{"Filter":[{"default":true,"query":"if(IsEmpty(<SelectedValues>), UnfilterFrame(<SelectedColumn>), SetFrameFilter(<SelectedColumn>==<SelectedValues>));","options":{},"refresh":false,"disabled":false,"panel":""}]}},"grf":[],"orderBys":[],"comments":{},"position":{},"colorByValue":{}},"operationType":["CACHED_PANEL"]},{"pixelExpression":"CachedPanel ( \"2\" ) ;","isMeta":false,"output":{"panelId":"2","panelLabel":"Pie Chart of Locale","view":"visualization","viewOptions":"{\"type\":\"echarts\"}","config":{"type":"STANDARD","opacity":100.0},"viewOptionsMap":{"federate-view":{"app_id":"ec40eeae-0a36-4263-93b8-9098b033eff1"},"visualization":{"type":"echarts"}},"ornaments":{"tools":{"shared":{"colorName":"Eight","backgroundColor":"#FFFFFF","color":{"Rural":"#660066","Suburb":"#F7E967","Town":"#B3CF8B","City":"#F1433F"},"toggleDonut":true}}},"events":{"onSingleClick":{"Unfilter":[{"disabledVisuals":["Grid","Sunburst"],"default":true,"query":"UnfilterFrame(<SelectedColumn>);","options":{},"refresh":false,"disabled":false,"panel":""}]},"onBrush":{"Filter":[{"default":true,"query":"if(IsEmpty(<SelectedValues>), UnfilterFrame(<SelectedColumn>), SetFrameFilter(<SelectedColumn>==<SelectedValues>));","options":{},"refresh":false,"disabled":false,"panel":""}]},"onDoubleClick":{"filter":[{"disabledVisuals":[],"query":"SetFrameFilter(<SelectedColumn>==<SelectedValues>);","options":{},"refresh":true,"panel":""}]}},"grf":[],"orderBys":[],"comments":{},"position":{},"colorByValue":{}},"operationType":["CACHED_PANEL"]},{"pixelExpression":"CachedPanel ( \"3\" ) ;","isMeta":false,"output":{"panelId":"3","panelLabel":"Column Chart of Tuition","view":"visualization","viewOptions":"{\"type\":\"echarts\"}","config":{"type":"STANDARD","opacity":100.0},"viewOptionsMap":{"federate-view":{"app_id":"ec40eeae-0a36-4263-93b8-9098b033eff1"},"visualization":{"type":"echarts"}},"ornaments":{"tools":{"shared":{"toggleLegend":true,"colorName":"Eight","backgroundColor":"#FFFFFF","color":{"AverageofOut of state Tuition":"#660066","AverageofIn state Tuition":"#F1433F"},"toggleAverage":true}}},"events":{"onSingleClick":{"Unfilter":[{"disabledVisuals":["Grid","Sunburst"],"default":true,"query":"UnfilterFrame(<SelectedColumn>);","options":{},"refresh":false,"disabled":false,"panel":""}]},"onBrush":{"Filter":[{"default":true,"query":"if(IsEmpty(<SelectedValues>), UnfilterFrame(<SelectedColumn>), SetFrameFilter(<SelectedColumn>==<SelectedValues>));","options":{},"refresh":false,"disabled":false,"panel":""}]}},"grf":[],"orderBys":[],"comments":{},"position":{},"colorByValue":{}},"operationType":["CACHED_PANEL"]},{"pixelExpression":"CachedPanel ( \"4\" ) ;","isMeta":false,"output":{"panelId":"4","panelLabel":"State_1 Filter","view":"DashboardFilter","config":{"subType":"","type":"COLLAPSIBLE","opacity":100.0},"viewOptionsMap":{"federate-view":{"app_id":"ec40eeae-0a36-4263-93b8-9098b033eff1"},"visualization":{"type":"echarts"}},"ornaments":{"tools":{"shared":{"colorName":"Eight","backgroundColor":"#FFFFFF","color":{"AverageofOut of state Tuition":"#660066","AverageofIn state Tuition":"#F1433F"}}},"dashboardFilter":{"instances":["State_1"],"viewType":"List","singleSelect":"Multi Select"}},"events":{"onSingleClick":{"Unfilter":[{"disabledVisuals":["Grid","Sunburst"],"default":true,"query":"UnfilterFrame(<SelectedColumn>);","options":{},"refresh":false,"disabled":false,"panel":""}]},"onBrush":{"Filter":[{"default":true,"query":"if(IsEmpty(<SelectedValues>), UnfilterFrame(<SelectedColumn>), SetFrameFilter(<SelectedColumn>==<SelectedValues>));","options":{},"refresh":false,"disabled":false,"panel":""}]}},"grf":[],"orderBys":[],"comments":{},"position":{},"colorByValue":{}},"operationType":["CACHED_PANEL"]},{"pixelExpression":"CachedPanel ( \"5\" ) ;","isMeta":false,"output":{"panelId":"5","panelLabel":"Undergrad_Enrollment Filter","view":"DashboardFilter","config":{"subType":"","type":"COLLAPSIBLE","opacity":100.0},"viewOptionsMap":{"federate-view":{"app_id":"ec40eeae-0a36-4263-93b8-9098b033eff1"},"visualization":{"type":"echarts"}},"ornaments":{"tools":{"shared":{"colorName":"Eight","backgroundColor":"#FFFFFF","color":{"AverageofOut of state Tuition":"#660066","AverageofIn state Tuition":"#F1433F"}}},"dashboardFilter":{"instances":["Undergrad_Enrollment"],"viewType":"List","singleSelect":"Multi Select"}},"events":{"onSingleClick":{"Unfilter":[{"disabledVisuals":["Grid","Sunburst"],"default":true,"query":"UnfilterFrame(<SelectedColumn>);","options":{},"refresh":false,"disabled":false,"panel":""}]},"onBrush":{"Filter":[{"default":true,"query":"if(IsEmpty(<SelectedValues>), UnfilterFrame(<SelectedColumn>), SetFrameFilter(<SelectedColumn>==<SelectedValues>));","options":{},"refresh":false,"disabled":false,"panel":""}]}},"grf":[],"orderBys":[],"comments":{},"position":{},"colorByValue":{}},"operationType":["CACHED_PANEL"]},{"pixelExpression":"CachedPanel ( \"6\" ) ;","isMeta":false,"output":{"panelId":"6","panelLabel":"Adm_Rate Filter","view":"DashboardFilter","config":{"subType":"","type":"COLLAPSIBLE","opacity":100.0},"viewOptionsMap":{"federate-view":{"app_id":"ec40eeae-0a36-4263-93b8-9098b033eff1"},"visualization":{"type":"echarts"}},"ornaments":{"tools":{"shared":{"colorName":"Eight","backgroundColor":"#FFFFFF","color":{"AverageofOut of state Tuition":"#660066","AverageofIn state Tuition":"#F1433F"}}},"dashboardFilter":{"instances":["Adm_Rate"],"viewType":"List","singleSelect":"Multi Select"}},"events":{"onSingleClick":{"Unfilter":[{"disabledVisuals":["Grid","Sunburst"],"default":true,"query":"UnfilterFrame(<SelectedColumn>);","options":{},"refresh":false,"disabled":false,"panel":""}]},"onBrush":{"Filter":[{"default":true,"query":"if(IsEmpty(<SelectedValues>), UnfilterFrame(<SelectedColumn>), SetFrameFilter(<SelectedColumn>==<SelectedValues>));","options":{},"refresh":false,"disabled":false,"panel":""}]}},"grf":[],"orderBys":[],"comments":{},"position":{},"colorByValue":{}},"operationType":["CACHED_PANEL"]},{"pixelExpression":"CachedPanel ( \"7\" ) ;","isMeta":false,"output":{"panelId":"7","panelLabel":"Top3Majors Filter","view":"DashboardFilter","config":{"subType":"","type":"COLLAPSIBLE","opacity":100.0},"viewOptionsMap":{"federate-view":{"app_id":"ec40eeae-0a36-4263-93b8-9098b033eff1"},"visualization":{"type":"echarts"}},"ornaments":{"tools":{"shared":{"colorName":"Eight","backgroundColor":"#FFFFFF","color":{"AverageofOut of state Tuition":"#660066","AverageofIn state Tuition":"#F1433F"}}},"dashboardFilter":{"instances":["Top3Majors"],"viewType":"List","singleSelect":"Multi Select"}},"events":{"onSingleClick":{"Unfilter":[{"disabledVisuals":["Grid","Sunburst"],"default":true,"query":"UnfilterFrame(<SelectedColumn>);","options":{},"refresh":false,"disabled":false,"panel":""}]},"onBrush":{"Filter":[{"default":true,"query":"if(IsEmpty(<SelectedValues>), UnfilterFrame(<SelectedColumn>), SetFrameFilter(<SelectedColumn>==<SelectedValues>));","options":{},"refresh":false,"disabled":false,"panel":""}]}},"grf":[],"orderBys":[],"comments":{},"position":{},"colorByValue":{}},"operationType":["CACHED_PANEL"]},{"pixelExpression":"if ( ( HasDuplicates ( Locale_1 ) ) , ( Select ( Locale_1 , UniqueCount ( Institution_Name ) ) .as ( [ Locale_1 , UniqueCountofInstitution_Name ] ) | Group ( Locale_1 ) | With ( Panel ( 2 ) ) | Format ( type = [ 'table' ] ) | TaskOptions ( { \"2\" : { \"layout\" : \"Pie\" , \"alignment\" : { \"label\" : [ \"Locale_1\" ] , \"value\" : [ \"UniqueCountofInstitution_Name\" ] , \"heat\" : [ ] , \"tooltip\" : [ ] , \"facet\" : [ ] } } } ) | Collect ( 500 ) ) , ( Select ( Locale_1 , Count ( Institution_Name ) ) .as ( [ Locale_1 , CountofInstitution_Name ] ) | Group ( Locale_1 ) | With ( Panel ( 2 ) ) | Format ( type = [ 'table' ] ) | TaskOptions ( { \"2\" : { \"layout\" : \"Pie\" , \"alignment\" : { \"label\" : [ \"Locale_1\" ] , \"value\" : [ \"CountofInstitution_Name\" ] , \"heat\" : [ ] , \"tooltip\" : [ ] , \"facet\" : [ ] } } } ) | Collect ( 500 ) ) ) ;","isMeta":false,"output":{"data":{"values":[["City",964],["Rural",28],["Suburb",250],["Town",19]],"headers":["Locale_1","UniqueCountofInstitution_Name"],"rawHeaders":["Locale_1","UniqueCountofInstitution_Name"]},"format":{"type":"TABLE"},"headerInfo":[{"alias":"Locale_1","header":"Locale_1","type":"STRING","derived":false},{"alias":"UniqueCountofInstitution_Name","header":"UniqueCountofInstitution_Name","calculatedBy":"Institution_Name","groupBy":["Locale_1"],"math":"UniqueCount","type":"STRING","derived":true}],"sortInfo":[],"numCollected":500,"taskOptions":{"2":{"layout":"Pie","alignment":{"heat":[],"tooltip":[],"label":["Locale_1"],"value":["UniqueCountofInstitution_Name"],"facet":[]}}},"filterInfo":[],"taskId":"task21"},"operationType":["TASK_DATA"]},{"pixelExpression":"if ( ( HasDuplicates ( Institution_Name ) ) , ( Select ( Institution_Name , Average ( In_state_Tuition ) , Average ( Out_of_state_Tuition ) ) .as ( [ Institution_Name , AverageofIn_state_Tuition , AverageofOut_of_state_Tuition ] ) | Group ( Institution_Name ) | Sort ( columns = [ \"AverageofOut_of_state_Tuition\" ] , sort = [ \"asc\" ] ) | With ( Panel ( 3 ) ) | Format ( type = [ 'table' ] ) | TaskOptions ( { \"3\" : { \"layout\" : \"Column\" , \"alignment\" : { \"label\" : [ \"Institution_Name\" ] , \"value\" : [ \"AverageofIn_state_Tuition\" , \"AverageofOut_of_state_Tuition\" ] , \"tooltip\" : [ ] , \"facet\" : [ ] } } } ) | Collect ( 500 ) ) , ( Select ( Out_of_state_Tuition , In_state_Tuition ) .as ( [ Out_of_state_Tuition , In_state_Tuition ] ) | Sort ( columns = [ \"AverageofOut_of_state_Tuition\" ] , sort = [ \"asc\" ] ) | With ( Panel ( 3 ) ) | Format ( type = [ 'table' ] ) | TaskOptions ( { \"3\" : { \"layout\" : \"Column\" , \"alignment\" : { \"label\" : [ \"Institution_Name\" ] , \"value\" : [ \"In_state_Tuition\" , \"Out_of_state_Tuition\" ] , \"tooltip\" : [ ] , \"facet\" : [ ] } } } ) | Collect ( 500 ) ) ) ;","isMeta":false,"output":{"data":{"values":[["Curtis_Institute_of_Music",2525.0,2525.0],["LDS_Business_College",3240.0,3240.0],["Lee_College",1672.0,3520.0],["Santa_Fe_Community_College",1695.0,3675.0],["Meridian_Community_College",2440.0,3740.0],["Houston_Community_College",1632.0,3756.0],["Wayne_County_Community_College_District",2838.0,3842.0],["College_of_the_Mainland",1773.0,3873.0],["Southeast_Community_College_Area",3214.0,3929.0],["Southern_University_at_Shreveport",3996.0,3996.0],["San_Juan_College",1474.0,4114.0],["Central_Community_College",2880.0,4140.0],["San_Jacinto_Community_College",1500.0,4140.0],["Metropolitan_Community_College_Area",2880.0,4208.0],["Western_Iowa_Tech_Community_College",4200.0,4224.0],["Hutchinson_Community_College",2976.0,4288.0],["Collin_County_Community_College_District",1264.0,4294.0],["North_Hennepin_Community_College",4367.0,4367.0],["El_Paso_Community_College",2746.0,4522.0],["McLennan_Community_College",2760.0,4560.0],["Amarillo_College",2010.0,4578.0],["Galveston_College",2050.0,4600.0],["Victoria_College",2640.0,4650.0],["Institute_of_American_Indian_and_Alaska_Native_Culture_and_Arts_Development",4700.0,4700.0],["Del_Mar_College",2546.0,4808.0],["Eastern_New_Mexico_University-Roswell_Campus",1944.0,4920.0],["Anoka-Ramsey_Community_College",4979.0,4979.0],["Apex_School_of_Theology",5100.0,5100.0],["Hennepin_Technical_College",5130.0,5130.0],["Washtenaw_Community_College",2424.0,5160.0],["New_Mexico_State_University-Dona_Ana",1632.0,5184.0],["Kirkwood_Community_College",4362.0,5202.0],["El_Centro_College",1770.0,5220.0],["Mountain_View_College",1770.0,5220.0],["Richland_College",1770.0,5220.0],["North_Lake_College",1770.0,5220.0],["Eastfield_College",1770.0,5220.0],["Odessa_College",2808.0,5232.0],["Brigham_Young_University-Provo",5300.0,5300.0],["Minneapolis_Community_and_Technical_College",5349.0,5349.0],["Ozarks_Technical_Community_College",2952.0,5352.0],["Warren_County_Community_College",4590.0,5490.0],["Hawkeye_Community_College",4786.0,5496.0],["San_Bernardino_Valley_College",1238.0,5500.0],["Rochester_Community_and_Technical_College",5588.0,5588.0],["Texas_Southmost_College",3198.0,5598.0],["World_Mission_University",5620.0,5620.0],["Iowa_Western_Community_College",5472.0,5632.0],["El_Camino_College-Compton_Center",1142.0,5678.0],["El_Camino_Community_College_District",1142.0,5678.0],["Normandale_Community_College",5730.0,5730.0],["Temple_College",2136.0,5736.0],["San_Diego_City_College",1142.0,5794.0],["Southeast_Arkansas_College",3190.0,5830.0],["Irvine_Valley_College",1142.0,5846.0],["Citrus_College",1176.0,5856.0],["San_Diego_Miramar_College",1142.0,5894.0],["Quincy_College",5910.0,5910.0],["Southwestern_College_Chula_Vista",1336.0,5956.0],["Southeast_Technical_Institute",5980.0,5980.0],["Cochise_County_Community_College_District",1896.0,6000.0],["Fullerton_College",1138.0,6010.0],["Blackhawk_Technical_College",4107.0,6062.0],["Mission_College",1185.0,6105.0],["Gateway_Technical_College",4152.0,6106.0],["Tarrant_County_College_District",1416.0,6120.0],["University_of_Arkansas-Pulaski_Technical_College",5011.0,6151.0],["Cypress_College",1140.0,6156.0],["Western_Technical_College",3776.0,6166.0],["San_Joaquin_Delta_College",1104.0,6168.0],["Coastline_Community_College",1136.0,6176.0],["Sierra_College",1142.0,6214.0],["Golden_West_College",1176.0,6216.0],["MiraCosta_College",1152.0,6216.0],["Laredo_Community_College",3780.0,6228.0],["Baptist_University_of_the_Americas",6240.0,6240.0],["Clark_State_Community_College",3359.0,6271.0],["Napa_Valley_College",1142.0,6284.0],["Moraine_Park_Technical_College",4340.0,6295.0],["College_of_San_Mateo",1400.0,6300.0],["Northeast_Wisconsin_Technical_College",4355.0,6310.0],["Solano_Community_College",1140.0,6324.0],["Pasadena_City_College",1348.0,6332.0],["Glendale_Community_College_California",1175.0,6335.0],["Gavilan_College",1166.0,6374.0],["Milwaukee_Area_Technical_College",4426.0,6381.0],["Durham_Technical_Community_College",1840.0,6388.0],["Fox_Valley_Technical_College",4436.0,6391.0],["Ohlone_College",1162.0,6394.0],["Cuesta_College",1234.0,6408.0],["Central_Texas_College",2280.0,6420.0],["College_of_the_Canyons",1154.0,6458.0],["Shoreline_Community_College",3735.0,6461.0],["Salina_Area_Technical_College",6493.0,6493.0],["Rowan_College_at_Burlington_County",4065.0,6495.0],["Chaffey_College",1169.0,6521.0],["South_Florida_Bible_College_and_Theological_Seminary",6560.0,6560.0],["Western_Dakota_Technical_Institute",6560.0,6560.0],["Minot_State_University",6568.0,6568.0],["Johnson_County_Community_College",2790.0,6600.0],["Donnelly_College",6702.0,6702.0],["College_of_Southern_Idaho",3120.0,6720.0],["Orange_Coast_College",1184.0,6728.0],["Allan_Hancock_College",1346.0,6750.0],["Hagerstown_Community_College",3564.0,6788.0],["Middlesex_County_College",3420.0,6840.0],["Central_New_Mexico_Community_College",1472.0,6848.0],["Sinclair_Community_College",2476.0,6868.0],["College_of_Alameda",1232.0,6896.0],["Berkeley_City_College",1232.0,6896.0],["Cuyamaca_College",1388.0,6896.0],["Laney_College",1232.0,6896.0],["Merritt_College",1232.0,6896.0],["Eastern_Iowa_Community_College_District",4570.0,6912.0],["Midwestern_Baptist_Theological_Seminary",6925.0,6925.0],["College_of_the_Desert",1327.0,6926.0],["Mott_Community_College",3785.0,6931.0],["Fresno_City_College",1304.0,6944.0],["College_of_Biblical_Studies-Houston",6946.0,6946.0],["Grossmont_College",1386.0,6948.0],["The_University_of_Texas_of_the_Permian_Basin",5774.0,6958.0],["Chabot_College",1138.0,6970.0],["Las_Positas_College",1138.0,6970.0],["Crafton_Hills_College",1142.0,6974.0],["Evergreen_Valley_College",1343.0,7015.0],["San_Jose_City_College",1343.0,7015.0],["Gods_Bible_School_and_College",7040.0,7040.0],["Metropolitan_Community_College-Kansas_City",2880.0,7050.0],["Ventura_College",1388.0,7050.0],["Central_Ohio_Technical_College",4296.0,7056.0],["Palomar_College",1338.0,7078.0],["Casper_College",2832.0,7104.0],["Kalamazoo_Valley_Community_College",3220.0,7150.0],["Amridge_University",7180.0,7180.0],["North_Central_State_College",3591.0,7181.0],["Santiago_Canyon_College",1142.0,7262.0],["College_of_the_Sequoias",1388.0,7296.0],["Victor_Valley_College",1126.0,7342.0],["Long_Beach_City_College",1182.0,7350.0],["Pima_Community_College",2046.0,7362.0],["Bellevue_University",7365.0,7365.0],["Bethesda_University",7370.0,7370.0],["Santa_Rosa_Junior_College",1340.0,7388.0],["Cincinnati_State_Technical_and_Community_College",3825.0,7393.0],["Macomb_Community_College",3282.0,7405.0],["Los_Angeles_Southwest_College",1220.0,7538.0],["Los_Angeles_Trade_Technical_College",1220.0,7538.0],["Los_Angeles_City_College",1220.0,7538.0],["East_Los_Angeles_College",1220.0,7538.0],["Dutchess_Community_College",4034.0,7562.0],["Laramie_County_Community_College",3306.0,7578.0],["Canada_College",1344.0,7588.0],["Catawba_Valley_Community_College",2251.0,7627.0],["Thaddeus_Stevens_College_of_Technology",7630.0,7630.0],["Cuyahoga_Community_College_District",3136.0,7648.0],["Black_Hawk_College",4410.0,7650.0],["Hartnell_College",1420.0,7670.0],["Folsom_Lake_College",1104.0,7704.0],["American_River_College",1104.0,7704.0],["Cosumnes_River_College",1104.0,7704.0],["Sacramento_City_College",1104.0,7704.0],["Ocean_County_College",4345.0,7735.0],["Riverside_City_College",1426.0,7756.0],["Saddleback_College",1326.0,7766.0],["Trident_Technical_College",4155.0,7837.0],["Tulsa_Community_College",3071.0,7871.0],["Estrella_Mountain_Community_College",2094.0,7878.0],["Chandler-Gilbert_Community_College",2094.0,7878.0],["Glendale_Community_College_Arizona",2094.0,7878.0],["Mesa_Community_College",2094.0,7878.0],["GateWay_Community_College_Arizona",2094.0,7878.0],["Phoenix_College",2094.0,7878.0],["South_Mountain_Community_College",2094.0,7878.0],["Paradise_Valley_Community_College",2094.0,7878.0],["Scottsdale_Community_College",2094.0,7878.0],["Rio_Salado_College",2094.0,7878.0],["Virginia_University_of_Lynchburg",7880.0,7880.0],["Los_Medanos_College",1308.0,7944.0],["Jefferson_State_Community_College",4440.0,7950.0],["Central_Carolina_Technical_College",4639.0,7958.0],["Passaic_County_Community_College",4553.0,7973.0],["John_Wood_Community_College",4710.0,8010.0],["Kansas_City_Kansas_Community_College",3240.0,8040.0],["CUNY_Borough_of_Manhattan_Community_College",5250.0,8050.0],["Ivy_Tech_Community_College",4175.0,8052.0],["Schenectady_County_Community_College",4368.0,8088.0],["North_Idaho_College",3288.0,8160.0],["Honolulu_Community_College",3054.0,8190.0],["Delgado_Community_College",3911.0,8200.0],["Kapiolani_Community_College",3084.0,8220.0],["Mt_San_Jacinto_Community_College_District",1386.0,8256.0],["Granite_State_College",7425.0,8265.0],["Baton_Rouge_Community_College",4221.0,8299.0],["Paul_Quinn_College",8318.0,8318.0],["Santa_Barbara_City_College",1374.0,8326.0],["Columbus_State_Community_College",3808.0,8430.0],["Portland_Community_College",3802.0,8446.0],["Lincoln_Land_Community_College",3024.0,8544.0],["Greenville_Technical_College",4326.0,8550.0],["Youngstown_State_University",8317.0,8557.0],["De_Anza_College",1549.0,8569.0],["Cumberland_County_College",4440.0,8580.0],["Bossier_Parish_Community_College",4079.0,8589.0],["Cerritos_College",1346.0,8598.0],["Fayetteville_Technical_Community_College",2528.0,8672.0],["Asheville-Buncombe_Technical_Community_College",2547.0,8691.0],["Wilson_Community_College",2552.0,8716.0],["Wichita_State_University-Campus_of_Applied_Sciences_and_Technology",7323.0,8735.0],["Spokane_Community_College",3393.0,8738.0],["Embry-Riddle_Aeronautical_University-Worldwide",8760.0,8760.0],["Arkansas_Baptist_College",8760.0,8760.0],["Des_Moines_Area_Community_College",4410.0,8820.0],["Bunker_Hill_Community_College",3888.0,8832.0],["College_of_Eastern_Idaho",2434.0,8836.0],["Cape_Fear_Community_College",2748.0,8892.0],["Wake_Technical_Community_College",2768.0,8912.0],["Mohawk_Valley_Community_College",4860.0,8944.0],["Criswell_College",8950.0,8950.0],["Everett_Community_College",3648.0,8993.0],["Trident_University_International",9000.0,9000.0],["Baker_College",9000.0,9000.0],["City_College_of_San_Francisco",1598.0,9010.0],["Frederick_Community_College",3450.0,9018.0],["Monroe_Community_College",4959.0,9059.0],["Hillsborough_Community_College",2506.0,9111.0],["Messenger_College",9120.0,9120.0],["Yavapai_College",2280.0,9120.0],["Baptist_Health_College-Little_Rock",9194.0,9194.0],["Harrisburg_Area_Community_College",6525.0,9225.0],["Oklahoma_City_Community_College",3727.0,9260.0],["Lansing_Community_College",3350.0,9290.0],["Georgia_State_University-Perimeter_College",3261.0,9336.0],["SUNY_Broome_Community_College",4951.0,9369.0],["Great_Falls_College_Montana_State_University",3130.0,9382.0],["Bristol_Community_College",4464.0,9408.0],["Holyoke_Community_College",4502.0,9446.0],["Darton_State_College",3395.0,9470.0],["Lake_Superior_College",5096.0,9470.0],["Lane_Community_College",4155.0,9483.0],["Beulah_Heights_University",9510.0,9510.0],["South_Puget_Sound_Community_College",4104.0,9513.0],["Truckee_Meadows_Community_College",2910.0,9555.0],["Arizona_Western_College",2600.0,9590.0],["Whatcom_Community_College",4316.0,9618.0],["Massasoit_Community_College",4680.0,9624.0],["York_Technical_College",4464.0,9648.0],["Piedmont_International_University",9650.0,9650.0],["Epic_Bible_College",9689.0,9689.0],["Onondaga_Community_College",5154.0,9724.0],["Hudson_Valley_Community_College",5426.0,9726.0],["Reading_Hospital_School_of_Health_Sciences",9825.0,9825.0],["Bates_Technical_College",4601.0,10008.0],["Texas_College",10008.0,10008.0],["Morton_College",3892.0,10036.0],["Linn-Benton_Community_College",4512.0,10043.0],["Reading_Area_Community_College",5310.0,10050.0],["Community_College_of_Baltimore_County",3868.0,10082.0],["McCann_School_of_Business_&_Technology",10100.0,10100.0],["Erie_Community_College",5408.0,10141.0],["Rose_State_College",3808.0,10184.0],["Lane_College",10280.0,10280.0],["Averett_University-Non-Traditional_Programs",10325.0,10325.0],["Quinsigamond_Community_College",5394.0,10338.0],["Belanger_School_of_Nursing",10345.0,10345.0],["National_Louis_University",10380.0,10380.0],["Mt_Hood_Community_College",5313.0,10398.0],["Stillman_College",10418.0,10418.0],["Aims_Community_College",1835.0,10424.0],["Thomas_Nelson_Community_College",4544.0,10442.0],["Piedmont_Virginia_Community_College",4558.0,10456.0],["Miller-Motte_Technical_College-Charleston",10496.0,10496.0],["International_Baptist_College_and_Seminary",10500.0,10500.0],["Baptist_Bible_College",10536.0,10536.0],["Miller-Motte_Technical_College-Columbus",10542.0,10542.0],["Northern_Essex_Community_College",4776.0,10560.0],["Missouri_Southern_State_University",5523.0,10568.0],["Midwestern_State_University",8620.0,10570.0],["Miller-Motte_College-Cary",10584.0,10584.0],["Trine_University-Regional/Non-Traditional_Campuses",10592.0,10592.0],["Miller-Motte_College-Wilmington",10595.0,10595.0],["Berkshire_Community_College",5010.0,10626.0],["J_Sargeant_Reynolds_Community_College",4766.0,10664.0],["Miller-Motte_College-Fayetteville",10692.0,10692.0],["Coconino_Community_College",3060.0,10710.0],["Miller-Motte_College-Raleigh",10748.0,10748.0],["Community_College_of_Allegheny_County",4131.0,10751.0],["Madison_Media_Institute-Rockford_Career_College",10776.0,10776.0],["Le_Moyne-Owen_College",10880.0,10880.0],["Middle_Georgia_State_University",3890.0,10919.0],["Danville_Community_College",4455.0,10961.0],["Virginia_Western_Community_College",5093.0,10991.0],["Trinity_Baptist_College",11040.0,11040.0],["Grand_Rapids_Community_College",3789.0,11049.0],["John_A_Gupton_College",11070.0,11070.0],["New_Mexico_Military_Institute",5141.0,11075.0],["Polytechnic_University_of_Puerto_Rico-Orlando",11085.0,11085.0],["Cox_College",11170.0,11170.0],["Joliet_Junior_College",3750.0,11187.0],["Tidewater_Community_College",5299.0,11197.0],["Baptist_Memorial_College_of_Health_Sciences",11204.0,11204.0],["Life_University",11220.0,11220.0],["Saint_Louis_Christian_College",11240.0,11240.0],["St_Philips_College",2188.0,11274.0],["San_Antonio_College",2188.0,11274.0],["Palo_Alto_College",2188.0,11274.0],["Northwest_Vista_College",2188.0,11274.0],["William_Rainey_Harper_College",3360.0,11340.0],["Ner_Israel_Rabbinical_College",11400.0,11400.0],["Community_College_of_Rhode_Island",4266.0,11496.0],["Arlington_Baptist_University",11500.0,11500.0],["Northpoint_Bible_College",11510.0,11510.0],["Nazarene_Bible_College",11520.0,11520.0],["Chemeketa_Community_College",4230.0,11520.0],["University_of_Holy_Cross",11632.0,11632.0],["William_Carey_University",11700.0,11700.0],["Calvary_University",11700.0,11700.0],["Miller-Motte_Technical_College-Macon",11700.0,11700.0],["Salt_Lake_Community_College",3690.0,11728.0],["Boise_Bible_College",11750.0,11750.0],["Pomeroy_College_of_Nursing_at_Crouse_Hospital",11755.0,11755.0],["University_of_the_District_of_Columbia",5612.0,11756.0],["Oakton_Community_College",3621.0,11790.0],["Kettering_College",11808.0,11808.0],["Franklin_University",11881.0,11881.0],["City_Colleges_of_Chicago-Kennedy-King_College",3506.0,11906.0],["City_Colleges_of_Chicago-Malcolm_X_College",3506.0,11906.0],["City_Colleges_of_Chicago-Richard_J_Daley_College",3506.0,11906.0],["City_Colleges_of_Chicago-Harold_Washington_College",3506.0,11906.0],["City_Colleges_of_Chicago-Wilbur_Wright_College",3506.0,11906.0],["Elgin_Community_College",3012.0,11959.0],["Bel-Rea_Institute_of_Animal_Technology",11963.0,11963.0],["University_of_Arkansas-Fort_Smith",5390.0,12038.0],["Franciscan_Missionaries_of_Our_Lady_University",12046.0,12046.0],["The_Workforce_Institutes_City_College",12097.0,12097.0],["Ozark_Christian_College",12140.0,12140.0],["University_of_Wisconsin_Colleges",5159.0,12143.0],["Carolinas_College_of_Health_Sciences",12192.0,12192.0],["Springfield_Technical_Community_College",5736.0,12246.0],["Carlos_Albizu_University-Miami",12384.0,12384.0],["Crossroads_Bible_College",12400.0,12400.0],["Union_Institute_&_University",12416.0,12416.0],["Heartland_Community_College",4320.0,12420.0],["Housatonic_Community_College",4168.0,12504.0],["Manchester_Community_College_Connecticut",4168.0,12504.0],["Middlesex_Community_College_CT",4168.0,12504.0],["Gateway_Community_College_Connecticut",4168.0,12504.0],["Norwalk_Community_College",4188.0,12524.0],["Martin_University",12536.0,12536.0],["Asnuntuck_Community_College",4208.0,12544.0],["Three_Rivers_Community_College",4208.0,12544.0],["Naugatuck_Valley_Community_College",4208.0,12544.0],["Capital_Community_College",4236.0,12572.0],["Boston_Baptist_College",12600.0,12600.0],["Mount_Carmel_College_of_Nursing",12673.0,12673.0],["Philander_Smith_College",12714.0,12714.0],["Brown_College_of_Court_Reporting",12900.0,12900.0],["Strayer_University-Georgia",12975.0,12975.0],["Strayer_University-South_Carolina",12975.0,12975.0],["Strayer_University-Tennessee",12975.0,12975.0],["Strayer_University-Florida",12975.0,12975.0],["Strayer_University-District_of_Columbia",12975.0,12975.0],["Strayer_University-Global_Region",12975.0,12975.0],["University_of_Arkansas_at_Pine_Bluff",6898.0,12988.0],["Randall_University",13040.0,13040.0],["Morris_College",13045.0,13045.0],["Austin_Community_College_District",2550.0,13080.0],["Hudson_County_Community_College",5353.0,13093.0],["City_College-Altamonte_Springs",13098.0,13098.0],["City_College-Hollywood",13098.0,13098.0],["Argosy_University-Atlanta",13144.0,13144.0],["Argosy_University-Twin_Cities",13152.0,13152.0],["Argosy_University-Nashville",13152.0,13152.0],["Argosy_University-Orange_County",13152.0,13152.0],["Argosy_University-Phoenix",13152.0,13152.0],["Argosy_University-Sarasota",13152.0,13152.0],["Coppin_State_University",7438.0,13168.0],["Northampton_County_Area_Community_College",4110.0,13230.0],["University_of_Minnesota-Rochester",13232.0,13232.0],["McHenry_County_College",3404.0,13242.0],["Florida_National_University-Main_Campus",13250.0,13250.0],["Talmudic_College_of_Florida",13250.0,13250.0],["Advanced_Technology_Institute",13250.0,13250.0],["Eagle_Gate_College-Layton",13271.0,13271.0],["Southcentral_Kentucky_Community_and_Technical_College",3936.0,13296.0],["Owensboro_Community_and_Technical_College",3936.0,13296.0],["Bluegrass_Community_and_Technical_College",4016.0,13376.0],["Herzing_University-Akron",13390.0,13390.0],["Herzing_University-Birmingham",13390.0,13390.0],["Herzing_University-Kenner",13390.0,13390.0],["Herzing_University-Kenosha",13390.0,13390.0],["Herzing_University-Madison",13390.0,13390.0],["Herzing_University-Minneapolis",13390.0,13390.0],["Herzing_University-Toledo",13390.0,13390.0],["Mercy_College_of_Ohio",13430.0,13430.0],["Lincoln_University_MO",7042.0,13432.0],["Argosy_University-Chicago",13440.0,13440.0],["Adventist_University_of_Health_Sciences",13480.0,13480.0],["Provo_College",13516.0,13516.0],["Edward_Waters_College",13525.0,13525.0],["Wade_College",13675.0,13675.0],["Arapahoe_Community_College",3493.0,13693.0],["Pikes_Peak_Community_College",3536.0,13730.0],["CUNY_City_College",6689.0,13799.0],["Community_College_of_Philadelphia",4920.0,13800.0],["Nebraska_Methodist_College_of_Nursing_&_Allied_Health",13802.0,13802.0],["Cleveland_State_University",9768.0,13819.0],["Herzing_University-Atlanta",13830.0,13830.0],["Front_Range_Community_College",3660.0,13860.0],["CUNY_Hunter_College",6782.0,13892.0],["Community_College_of_Aurora",3702.0,13896.0],["Community_College_of_Denver",3702.0,13896.0],["CUNY_Bernard_M_Baruch_College",6810.0,13920.0],["CUNY_John_Jay_College_of_Criminal_Justice",6810.0,13920.0],["Louisiana_State_University-Alexandria",6668.0,13934.0],["Johnson_University",13950.0,13950.0],["Capella_University",13998.0,13998.0],["Kent_State_University_at_Stark",5664.0,14028.0],["Kent_State_University_at_Trumbull",5664.0,14028.0],["Mandl_School-The_College_of_Allied_Health",14070.0,14070.0],["Missouri_State_University-Springfield",7060.0,14110.0],["Maria_College_of_Albany",14210.0,14210.0],["New_Hope_Christian_College-Eugene",14230.0,14230.0],["Southern_California_Seminary",14245.0,14245.0],["Arkansas_State_University-Main_Campus",8200.0,14260.0],["Johnson_University_Florida",14270.0,14270.0],["Kings_College_NC",14320.0,14320.0],["Vet_Tech_Institute_of_Houston",14320.0,14320.0],["Kaplan_University-Davenport_Campus",14325.0,14325.0],["Lamar_Institute_of_Technology",4534.0,14326.0],["Huston-Tillotson_University",14346.0,14346.0],["Bethune-Cookman_University",14410.0,14410.0],["Cambridge_College",14436.0,14436.0],["University_of_Central_Arkansas",8224.0,14447.0],["Peirce_College",14472.0,14472.0],["Fashion_Institute_of_Technology",5335.0,14515.0],["Lackawanna_College",14580.0,14580.0],["Bryan_College_of_Health_Sciences",14636.0,14636.0],["Richland_Community_College",4230.0,14640.0],["Weber_State_University",5523.0,14749.0],["Great_Lakes_Christian_College",14770.0,14770.0],["ECPI_University",14775.0,14775.0],["University_of_South_Alabama",7548.0,14796.0],["The_Art_Institute_of_Indianapolis",14820.0,14820.0],["Johnson_&_Wales_University-Online",14823.0,14823.0],["St_Vincents_College",14870.0,14870.0],["St_Margaret_School_of_Nursing",14912.0,14912.0],["University_of_Pittsburgh_Medical_Center-Shadyside_School_of_Nursing",14912.0,14912.0],["Mercy_Hospital_School_of_Nursing",14912.0,14912.0],["The_Art_Institute_of_Michigan",14928.0,14928.0],["Central_Baptist_College",15000.0,15000.0],["Miami_University-Hamilton",5173.0,15031.0],["Miami_University-Middletown",5173.0,15031.0],["Manchester_Community_College_NH",6912.0,15072.0],["Nashua_Community_College",6912.0,15072.0],["University_of_Wisconsin-Oshkosh",7544.0,15117.0],["Ecclesia_College",15140.0,15140.0],["Cameron_University",5970.0,15210.0],["NHTI-Concords_Community_College",7104.0,15264.0],["Worcester_State_University",9202.0,15282.0],["South_Dakota_School_of_Mines_and_Technology",11160.0,15320.0],["Southern_University_at_New_Orleans",6421.0,15322.0],["Arizona_State_University-Skysong",8234.0,15325.0],["Kaplan_University-Des_Moines_Campus",15352.0,15352.0],["Westfield_State_University",9275.0,15355.0],["University_of_Wisconsin-Parkside",7367.0,15356.0],["Bradford_School",15380.0,15380.0],["Framingham_State_University",9340.0,15420.0],["Eastwick_College-Hackensack",15428.0,15428.0],["Paier_College_of_Art_Inc",15450.0,15450.0],["University_of_Wisconsin-Green_Bay",7878.0,15451.0],["Good_Samaritan_College_of_Nursing_and_Health_Science",15530.0,15530.0],["Florida_Memorial_University",15536.0,15536.0],["Bob_Jones_University",15550.0,15550.0],["Rock_Valley_College",3314.0,15584.0],["Nashville_State_Community_College",3969.0,15633.0],["Utah_Valley_University",5530.0,15690.0],["Cleveland_State_Community_College",4043.0,15707.0],["Southwest_Tennessee_Community_College",4059.0,15723.0],["Albany_State_University",5490.0,15738.0],["Spartan_College_of_Aeronautics_and_Technology",15743.0,15743.0],["Pellissippi_State_Community_College",4084.0,15748.0],["Lee_University",15770.0,15770.0],["University_of_Houston-Downtown",5978.0,15770.0],["Clarkson_College",15780.0,15780.0],["Riverside_College_of_Health_Careers",15849.0,15849.0],["Parkland_College",4710.0,15870.0],["The_Christ_College_of_Nursing_and_Health_Sciences",15882.0,15882.0],["Winston-Salem_State_University",5804.0,15915.0],["Culinary_Institute_Inc",15938.0,15938.0],["Antonelli_College-Hattiesburg",15980.0,15980.0],["Antonelli_College-Jackson",15980.0,15980.0],["Gallaudet_University",16078.0,16078.0],["Nevada_State_College",5001.0,16114.0],["Salem_State_University",9736.0,16148.0],["Alabama_State_University",9220.0,16156.0],["Fitchburg_State_University",10135.0,16215.0],["Bryant_&_Stratton_College-Milwaukee",16286.0,16286.0],["Everglades_University",16400.0,16400.0],["Cincinnati_Christian_University",16414.0,16414.0],["Regent_University",16438.0,16438.0]],"headers":["Institution_Name","AverageofIn_state_Tuition","AverageofOut_of_state_Tuition"],"rawHeaders":["Institution_Name","AverageofIn_state_Tuition","AverageofOut_of_state_Tuition"]},"format":{"type":"TABLE"},"headerInfo":[{"alias":"Institution_Name","header":"Institution_Name","type":"STRING","derived":false},{"alias":"AverageofIn_state_Tuition","header":"AverageofIn_state_Tuition","calculatedBy":"In_state_Tuition","groupBy":["Institution_Name"],"math":"Average","type":"STRING","derived":true},{"alias":"AverageofOut_of_state_Tuition","header":"AverageofOut_of_state_Tuition","calculatedBy":"Out_of_state_Tuition","groupBy":["Institution_Name"],"math":"Average","type":"NUMBER","derived":true}],"sortInfo":[{"alias":"AverageofOut_of_state_Tuition","header":"AverageofOut_of_state_Tuition","dir":"ASC","derived":false}],"numCollected":500,"taskOptions":{"3":{"layout":"Column","alignment":{"tooltip":[],"label":["Institution_Name"],"value":["AverageofIn_state_Tuition","AverageofOut_of_state_Tuition"],"facet":[]}}},"filterInfo":[],"taskId":"task23"},"operationType":["TASK_DATA"]},{"pixelExpression":"if ( ( HasDuplicates ( Institution_Name , Lat , Long_1 , SAT_Range ) ) , ( Select ( Institution_Name , Lat , Long_1 , Average ( Violent_Crime_Rate_Per_100_000_People ) , SAT_Range ) .as ( [ Institution_Name , Lat , Long_1 , AverageofViolent_Crime_Rate_Per_100_000_People , SAT_Range ] ) | Group ( Institution_Name , Lat , Long_1 , SAT_Range ) | With ( Panel ( 0 ) ) | Format ( type = [ 'table' ] ) | TaskOptions ( { \"0\" : { \"layout\" : \"Map\" , \"alignment\" : { \"label\" : [ \"Institution_Name\" ] , \"latitude\" : [ \"Lat\" ] , \"longitude\" : [ \"Long_1\" ] , \"size\" : [ \"AverageofViolent_Crime_Rate_Per_100_000_People\" ] , \"color\" : [ \"SAT_Range\" ] , \"tooltip\" : [ ] } } } ) | Collect ( 500 ) ) , ( Select ( Institution_Name , Lat , Long_1 , Violent_Crime_Rate_Per_100_000_People , SAT_Range ) .as ( [ Institution_Name , Lat , Long_1 , Violent_Crime_Rate_Per_100_000_People , SAT_Range ] ) | With ( Panel ( 0 ) ) | Format ( type = [ 'table' ] ) | TaskOptions ( { \"0\" : { \"layout\" : \"Map\" , \"alignment\" : { \"label\" : [ \"Institution_Name\" ] , \"latitude\" : [ \"Lat\" ] , \"longitude\" : [ \"Long_1\" ] , \"size\" : [ \"Violent_Crime_Rate_Per_100_000_People\" ] , \"color\" : [ \"SAT_Range\" ] , \"tooltip\" : [ ] } } } ) | Collect ( 500 ) ) ) ;","isMeta":false,"output":{"data":{"values":[["AI_Miami_International_University_of_Art_and_Design",25.790008,-80.18839,1021.3,""],["Abilene_Christian_University",32.468943,-99.709797,393.7,"Medium"],["Academy_of_Art_University",37.787748,-122.400686,776.8,""],["Advanced_Technology_Institute",36.841381,-76.182268,138.3,""],["Adventist_University_of_Health_Sciences",28.576142,-81.367687,979.0,"Low"],["Advertising_Art_Educational_Services_DBA_School_of_Advertising_Art",39.681305,-84.134269,88.6,""],["Aims_Community_College",40.409559,-104.763415,442.5,""],["Alabama_State_University",32.364317,-86.295677,395.7,"Low"],["Alaska_Pacific_University",61.190968,-149.804168,1070.9,""],["Albany_College_of_Pharmacy_and_Health_Sciences",42.650371,-73.779063,816.8,"Medium"],["Albany_State_University",31.56928,-84.141825,1035.5,"Low"],["Albertus_Magnus_College",41.332519,-72.923848,1439.2,""],["Albright_College",40.361351,-75.909742,935.0,""],["Allan_Hancock_College",34.943716,-120.421144,681.8,""],["Alvernia_University",40.310028,-75.936754,935.0,"Medium"],["Alverno_College",42.982842,-87.965174,1596.1,""],["Amarillo_College",35.18841,-101.847104,650.1,""],["American_Academy_of_Art",41.87742,-87.624788,903.8,""],["American_Academy_of_Dramatic_Arts-Los_Angeles",34.095378,-118.343701,634.8,""],["American_Academy_of_Dramatic_Arts-New_York",40.745545,-73.984843,585.8,""],["American_International_College",42.112708,-72.558507,1039.4,"Low"],["American_Jewish_University",34.128099,-118.471764,634.8,""],["American_River_College",38.649734,-121.346012,737.4,""],["American_University",38.936005,-77.088875,1202.6,"High"],["Amridge_University",32.362609,-86.17401,395.7,""],["Anderson_University_Indiana",40.112768,-85.664315,481.0,"Medium"],["Anoka-Ramsey_Community_College",45.172978,-93.351697,null,""],["Antonelli_College-Hattiesburg",31.349549,-89.335692,252.5,""],["Antonelli_College-Jackson",32.328918,-90.12297,948.1,""],["Apex_School_of_Theology",35.922645,-78.841386,786.55,""],["Aquinas_College",42.96019,-85.628785,771.2,""],["Arapahoe_Community_College",39.607505,-105.018631,129.5,""],["Argosy_University-Atlanta",33.920309,-84.355456,1119.6,""],["Argosy_University-Chicago",41.886006,-87.623772,903.8,""],["Argosy_University-Nashville",36.154664,-86.634674,1101.0,""],["Argosy_University-Orange_County",33.779031,-117.897077,96.6,""],["Argosy_University-Phoenix",33.566817,-112.107494,593.8,""],["Argosy_University-Sarasota",27.351394,-82.465363,801.1,""],["Argosy_University-The_Art_Institute_of_California-Inland_Empire",34.071827,-117.270965,940.5,""],["Argosy_University-The_Art_Institute_of_California-Orange_County",33.697014,-117.916303,482.1,""],["Argosy_University-The_Art_Institute_of_California-Sacramento",38.62211,-121.519083,737.4,""],["Argosy_University-The_Art_Institute_of_California-San_Diego",32.778278,-117.155395,398.6,""],["Argosy_University-The_Art_Institute_of_California-San_Francisco",37.780569,-122.413417,776.8,""],["Argosy_University-Twin_Cities",44.837291,-93.173867,null,""],["Arizona_Christian_University",33.595117,-112.026211,593.8,"Medium"],["Arizona_State_University-Downtown_Phoenix",33.452914,-112.07347,593.8,"Medium"],["Arizona_State_University-Polytechnic",33.307142,-111.677225,418.7,"Medium"],["Arizona_State_University-Skysong",33.463786,-111.923861,147.2,""],["Arizona_State_University-Tempe",33.417721,-111.934383,528.7,"Medium"],["Arizona_State_University-West",33.60726,-112.160021,491.4,"Medium"],["Arizona_Western_College",32.689306,-114.495968,531.6,""],["Arkansas_Baptist_College",34.734751,-92.290555,1315.4,""],["Arkansas_State_University-Main_Campus",35.842388,-90.679988,428.7,"Medium"],["Arlington_Baptist_University",32.739489,-97.156024,502.1,""],["Art_Academy_of_Cincinnati",39.108805,-84.513913,925.0,""],["Art_Center_College_of_Design",34.169031,-118.185102,310.7,""],["Asheville-Buncombe_Technical_Community_College",35.570439,-82.554826,495.9,""],["Asnuntuck_Community_College",41.998409,-72.570177,67.0,""],["Assumption_College",42.295435,-71.828387,959.4,""],["Auburn_University",32.599378,-85.488258,240.9,"Medium"],["Auburn_University_at_Montgomery",32.36736,-86.177544,395.7,"Low"],["Augsburg_University",44.966307,-93.240436,1062.9,"Medium"],["Augustana_University",43.525148,-96.736975,398.5,"Medium"],["Aultman_College_of_Nursing_and_Health_Sciences",40.796186,-81.404053,999.8,""],["Aurora_University",41.753631,-88.349023,281.8,"Medium"],["Austin_Community_College_District",30.322744,-97.712505,372.5,""],["Austin_Peay_State_University",36.533319,-87.354081,637.0,"Medium"],["Averett_University",36.577287,-79.413203,311.6,"Low"],["Averett_University-Non-Traditional_Programs",36.577257,-79.413195,311.6,""],["Avila_University",38.91339,-94.591758,1417.3,"Low"],["Azusa_Pacific_University",34.130047,-117.888375,467.0,"Medium"],["Baker_College",42.974764,-83.694679,2729.5,""],["Ball_State_University",40.203431,-85.409043,367.0,"Medium"],["Baptist_Bible_College",37.239696,-93.284286,991.5,""],["Baptist_Health_College-Little_Rock",34.713115,-92.40692,1315.4,""],["Baptist_Memorial_College_of_Health_Sciences",35.138415,-90.027501,1740.1,""],["Baptist_University_of_the_Americas",29.34998,-98.546081,587.2,""],["Barnard_College",40.810098,-73.963346,585.8,"High"],["Barry_University",25.878908,-80.198925,1021.3,"Medium"],["Barton_College",35.734376,-77.913867,526.3,"Medium"],["Bates_Technical_College",47.251743,-122.44683,797.0,""],["Baton_Rouge_Community_College",30.448276,-91.137935,1082.9,""],["Bay_State_College",42.35176,-71.076991,706.8,""],["Baylor_University",31.54896,-97.117641,493.8,"Medium"],["Becker_College",42.26918,-71.811895,959.4,"Medium"],["Bel-Rea_Institute_of_Animal_Technology",39.686194,-104.876207,673.9,""],["Belanger_School_of_Nursing",42.802979,-73.915884,939.5,""],["Belhaven_University",32.318415,-90.169228,948.1,""],["Bellevue_University",41.150225,-95.91764,106.4,""],["Bellin_College",44.468277,-87.921722,484.5,""],["Belmont_University",36.133866,-86.794715,1101.0,"Medium"],["Bennett_College",36.067531,-79.77998,597.0,""],["Bentley_University",42.388798,-71.220148,236.5,"Medium"],["Berkeley_City_College",37.869769,-122.269877,423.6,""],["Berkeley_College-New_York",40.753986,-73.979458,585.8,""],["Berklee_College_of_Music",42.346646,-71.089405,706.8,""],["Berkshire_Community_College",42.460877,-73.318843,425.7,""],["Bethel_College-Indiana",41.678399,-86.194686,330.8,"Medium"],["Bethesda_University",33.842295,-117.941323,363.7,""],["Bethune-Cookman_University",29.207195,-81.032946,1155.8,""],["Beulah_Heights_University",33.736993,-84.35768,1119.6,""],["Biola_University",33.906203,-118.014374,198.7,"Medium"],["Birmingham_Southern_College",33.513774,-86.850552,1517.8,"Medium"],["Black_Hawk_College",41.477283,-90.447799,404.5,""],["Blackhawk_Technical_College",42.593159,-89.016254,281.3,""],["Bloomfield_College",40.795105,-74.194309,264.6,"Low"],["Bluegrass_Community_and_Technical_College",38.024808,-84.503665,332.4,""],["Bob_Jones_University",34.874016,-82.365838,835.1,"Medium"],["Boise_Bible_College",43.658651,-116.291321,268.0,"Medium"],["Boise_State_University",43.604284,-116.203301,268.0,"Medium"],["Bossier_Parish_Community_College",32.539551,-93.646881,373.9,""],["Boston_Baptist_College",42.254037,-71.1103,706.8,"Medium"],["Boston_University",42.351118,-71.107942,706.8,"High"],["Bowie_State_University",39.018185,-76.759721,141.7,"Low"],["Bradford_School",40.433485,-80.004806,706.2,""],["Bradley_University",40.696896,-89.616786,797.1,"Medium"],["Brandeis_University",42.364947,-71.254716,236.5,"High"],["Brescia_University",37.769041,-87.111639,216.4,"Medium"],["Briar_Cliff_University",42.526443,-96.428444,329.0,""],["Brigham_Young_University-Provo",40.250851,-111.649281,127.5,"High"],["Bristol_Community_College",41.721994,-71.119133,1062.9,""],["Brown_College_of_Court_Reporting",33.784769,-84.389979,1119.6,""],["Brown_University",41.82617,-71.40385,636.9,"High"],["Bryan_College_of_Health_Sciences",40.796768,-96.651532,370.6,""],["Bryant_&_Stratton_College-Henrietta",43.084122,-77.602378,976.0,""],["Bryant_&_Stratton_College-Milwaukee",43.039176,-87.915286,1596.1,""],["Bryant_&_Stratton_College-Syracuse",43.058795,-76.136679,940.2,""],["Bunker_Hill_Community_College",42.374806,-71.069263,706.8,""],["Butler_University",39.8374,-86.172167,1288.0,"Medium"],["CUNY_Bernard_M_Baruch_College",40.740238,-73.983417,585.8,"Medium"],["CUNY_Borough_of_Manhattan_Community_College",40.71879,-74.011826,585.8,""],["CUNY_City_College",40.819846,-73.948542,585.8,"Medium"],["CUNY_Hunter_College",40.768669,-73.964795,585.8,"Medium"],["CUNY_John_Jay_College_of_Criminal_Justice",40.770351,-73.98841,585.8,"Medium"],["California_Baptist_University",33.929321,-117.425619,446.0,"Medium"],["California_College_of_the_Arts",37.767485,-122.399451,776.8,""],["California_Institute_of_Technology",34.137349,-118.125878,310.7,"High"],["California_Lutheran_University",34.224566,-118.878924,121.5,"Medium"],["California_Polytechnic_State_University-San_Luis_Obispo",35.299513,-120.657311,259.0,"High"],["California_State_Polytechnic_University-Pomona",34.054273,-117.819019,673.9,"Medium"],["California_State_University-Bakersfield",35.350005,-119.104711,484.1,""],["California_State_University-Channel_Islands",34.162949,-119.04356,91.7,""],["California_State_University-Chico",39.729712,-121.844859,323.8,"Medium"],["California_State_University-Dominguez_Hills",33.864766,-118.255917,557.7,""],["California_State_University-East_Bay",37.65707,-122.058073,415.8,""],["California_State_University-Fresno",36.814477,-119.748258,551.2,"Low"],["California_State_University-Fullerton",33.881506,-117.885446,326.5,"Medium"],["California_State_University-Long_Beach",33.782818,-118.11204,580.7,"Medium"],["California_State_University-Los_Angeles",34.066927,-118.168965,634.8,"Low"],["California_State_University-Sacramento",38.559415,-121.423549,737.4,"Medium"],["California_State_University-San_Bernardino",34.182622,-117.323801,940.5,"Low"],["California_State_University-San_Marcos",33.130569,-117.159013,264.5,"Medium"],["California_State_University-Stanislaus",37.52577,-120.852511,638.2,""],["California_State_University_Maritime_Academy",38.069061,-122.231551,744.6,""],["Calvary_University",38.839578,-94.547927,1417.3,"Low"],["Calvin_College",42.929916,-85.587548,771.2,"Medium"],["Cambridge_College",42.381091,-71.072646,706.8,""],["Cameron_University",34.606487,-98.434163,931.4,""],["Canada_College",37.44877,-122.265398,265.1,""],["Canisius_College",42.925206,-78.852577,1118.6,"Medium"],["Cape_Fear_Community_College",34.240624,-77.948306,565.1,""],["Capella_University",44.976286,-93.268796,1062.9,""],["Capital_Community_College",41.768397,-72.672734,1321.9,""],["Capital_University",39.954875,-82.937867,546.3,"Medium"],["Cardinal_Stritch_University",43.139752,-87.909045,1596.1,"Medium"],["Carlos_Albizu_University-Miami",25.794178,-80.356315,1021.3,""],["Carlow_University",40.439293,-79.963448,706.2,"Medium"],["Carnegie_Mellon_University",40.44357,-79.941993,706.2,"High"],["Carolinas_College_of_Health_Sciences",35.200295,-80.838535,677.6,""],["Carroll_University",43.004527,-88.228114,150.6,"Medium"],["Carthage_College",42.622969,-87.820924,274.0,"Medium"],["Case_Western_Reserve_University",41.507419,-81.609596,1334.3,"High"],["Casper_College",42.832788,-106.326712,151.4,""],["Catawba_Valley_Community_College",35.699732,-81.28792,656.6,""],["Catholic_University_of_America",38.933651,-76.997909,1202.6,""],["Cedar_Crest_College",40.586318,-75.519221,547.2,"Medium"],["Centenary_College_of_Louisiana",32.483335,-93.730834,766.7,"Medium"],["Central_Baptist_College",35.083838,-92.445021,415.2,"Low"],["Central_Carolina_Technical_College",33.933342,-80.37101,985.1,""],["Central_Community_College",40.889582,-98.372549,326.7,""],["Central_Connecticut_State_University",41.692502,-72.765991,431.5,"Medium"],["Central_New_Mexico_Community_College",35.071878,-106.628861,965.8,""],["Central_Ohio_Technical_College",40.069314,-82.447441,144.4,""],["Central_Texas_College",31.120516,-97.810827,644.9,""],["Cerritos_College",33.88584,-118.097263,403.6,""],["Chabot_College",37.642513,-122.106969,415.8,""],["Chaffey_College",34.147663,-117.573932,189.6,""],["Chamberlain_University-Arizona",33.56573,-112.104421,593.8,""],["Chamberlain_University-Florida",30.243517,-81.586421,648.3,""],["Chamberlain_University-Georgia",33.911943,-84.351949,1119.6,""],["Chamberlain_University-Indiana",39.91916,-86.111061,1288.0,""],["Chamberlain_University-Missouri",38.701907,-90.436283,1817.1,""],["Chamberlain_University-Ohio",39.940449,-82.940493,546.3,""],["Chaminade_University_of_Honolulu",21.28995,-157.807851,243.9,"Medium"],["Chandler-Gilbert_Community_College",33.293897,-111.795922,224.0,""],["Chapman_University",33.793678,-117.851481,96.6,"Medium"],["Charleston_Southern_University",32.983047,-80.072587,239.0,"Medium"],["Chatham_University",40.448432,-79.926083,706.2,""],["Chemeketa_Community_College",44.978655,-122.978076,358.4,""],["Chestnut_Hill_College",40.08678,-75.228742,1029.0,"Medium"],["Chicago_State_University",41.718446,-87.609384,903.8,"Medium"],["Christian_Brothers_University",35.127437,-89.983241,1740.1,""],["Christopher_Newport_University",37.062495,-76.494364,415.2,"Medium"],["Cincinnati_Christian_University",39.114169,-84.55408,925.0,"Medium"],["Cincinnati_State_Technical_and_Community_College",39.149915,-84.536936,925.0,""],["Citadel_Military_College_of_South_Carolina",32.797183,-79.958775,239.0,"Medium"],["Citrus_College",34.135487,-117.885266,115.9,""],["City_College-Altamonte_Springs",28.663604,-81.402219,335.7,""],["City_College-Hollywood",26.025173,-80.22004,442.5,""],["City_College_of_San_Francisco",37.725953,-122.451155,776.8,""],["City_Colleges_of_Chicago-Harold_Washington_College",41.886067,-87.626596,903.8,""],["City_Colleges_of_Chicago-Kennedy-King_College",41.780253,-87.643425,903.8,""],["City_Colleges_of_Chicago-Malcolm_X_College",41.878092,-87.675321,903.8,""],["City_Colleges_of_Chicago-Richard_J_Daley_College",41.755955,-87.723981,903.8,""],["City_Colleges_of_Chicago-Wilbur_Wright_College",41.958774,-87.787868,903.8,""],["Clark_Atlanta_University",33.747628,-84.412584,1119.6,"Low"],["Clark_State_Community_College",39.896411,-83.799788,618.3,""],["Clark_University",42.249987,-71.823356,959.4,""],["Clarke_University",42.509475,-90.690487,219.0,"Medium"],["Clarkson_College",41.259165,-95.974847,515.0,""],["Cleveland_Institute_of_Art",41.510435,-81.602416,1334.3,"Medium"],["Cleveland_Institute_of_Music",41.512444,-81.608878,1334.3,""],["Cleveland_State_Community_College",35.20078,-84.87914,881.9,""],["Cleveland_State_University",41.502281,-81.674355,1334.3,"Medium"],["Coastline_Community_College",33.715634,-117.929143,187.0,""],["Cochise_County_Community_College_District",31.564597,-110.246946,278.9,""],["Coconino_Community_College",35.171328,-111.645631,393.2,""],["Coe_College",41.988263,-91.658192,277.3,"Medium"],["Cogswell_College",37.414049,-121.94087,329.6,""],["College_for_Creative_Studies",42.361839,-83.062352,1759.6,""],["College_of_Alameda",37.781017,-122.279303,212.0,""],["College_of_Biblical_Studies-Houston",29.716681,-95.506566,966.7,""],["College_of_Charleston",32.784225,-79.939794,239.0,"Medium"],["College_of_Eastern_Idaho",43.486041,-111.985519,239.5,""],["College_of_Our_Lady_of_the_Elms",42.14179,-72.601541,462.2,"Medium"],["College_of_Saint_Mary",41.240028,-96.021425,515.0,""],["College_of_San_Mateo",37.535698,-122.334801,262.8,""],["College_of_Southern_Idaho",42.579837,-114.473901,376.7,""],["College_of_the_Canyons",34.403121,-118.569524,190.8,""],["College_of_the_Desert",33.732484,-116.38761,207.9,""],["College_of_the_Holy_Cross",42.238942,-71.808627,959.4,""],["College_of_the_Mainland",29.39581,-94.999602,318.6,""],["College_of_the_Sequoias",36.322957,-119.314775,426.3,""],["Collin_County_Community_College_District",33.16241,-96.63894,165.8,""],["Colorado_Christian_University",39.71388,-105.09456,461.7,""],["Colorado_College",38.84886,-104.822697,438.3,""],["Colorado_Mesa_University",39.080643,-108.553275,423.4,"Medium"],["Colorado_State_University-Fort_Collins",40.574805,-105.080732,262.8,"Medium"],["Colorado_State_University-Pueblo",38.30859,-104.579033,730.8,"Medium"],["Columbia_College_Chicago",41.874261,-87.624667,903.8,""],["Columbia_College_Missouri",38.957388,-92.326354,430.2,""],["Columbia_University_in_the_City_of_New_York",40.808286,-73.961885,585.8,"High"],["Columbus_College_of_Art_and_Design",39.966074,-82.989479,546.3,""],["Columbus_State_Community_College",39.96887,-82.98766,546.3,""],["Columbus_State_University",32.50096,-84.94106,506.7,"Medium"],["Community_College_of_Allegheny_County",40.450908,-80.018453,706.2,""],["Community_College_of_Aurora",39.71788,-104.802673,460.8,""],["Community_College_of_Baltimore_County",39.352647,-76.48211,1535.9,""],["Community_College_of_Denver",39.741413,-105.001044,673.9,""],["Community_College_of_Philadelphia",39.962458,-75.165604,1029.0,""],["Community_College_of_Rhode_Island",41.712817,-71.481509,124.0,""],["Concordia_University-Ann_Arbor",42.273157,-83.68268,197.4,""],["Concordia_University-Irvine",33.653665,-117.812305,53.2,"Medium"],["Concordia_University-Portland",45.570197,-122.636941,472.8,"Medium"],["Concordia_University_Texas",30.420952,-97.836247,372.5,"Medium"],["Coppin_State_University",39.311258,-76.658687,1535.9,"Low"],["Corban_University",44.882399,-122.961129,358.4,"Medium"],["Cornerstone_University",42.979966,-85.595328,771.2,"Medium"],["Cornish_College_of_the_Arts",47.618174,-122.336238,598.7,""],["Cosumnes_River_College",38.45295,-121.423108,737.4,""],["Cox_College",37.225116,-93.290233,991.5,""],["Crafton_Hills_College",34.039178,-117.101173,226.1,""],["Creighton_University",41.265361,-95.947811,515.0,"Medium"],["Criswell_College",32.793513,-96.77669,694.2,""],["Crossroads_Bible_College",39.779662,-86.039961,1288.0,""],["Cuesta_College",35.331276,-120.742235,259.0,""],["Culinary_Institute_Inc",29.823623,-95.378633,966.7,""],["Cumberland_County_College",39.440537,-75.057829,367.3,""],["Curtis_Institute_of_Music",39.948857,-75.170727,1029.0,""],["Cuyahoga_Community_College_District",41.494906,-81.683533,1334.3,""],["Cuyamaca_College",32.744954,-116.943507,358.3,""],["Cypress_College",33.827625,-118.023889,114.3,""],["DYouville_College",42.902636,-78.890868,1118.6,"Medium"],["Dallas_Baptist_University",32.710017,-96.947006,694.2,"Medium"],["Dallas_Christian_College",32.913698,-96.887124,694.2,"Medium"],["Danville_Community_College",36.565286,-79.408803,311.6,""],["Darton_State_College",31.583594,-84.212087,1035.5,""],["Davenport_University",42.850013,-85.533519,771.2,""],["DePaul_University",41.877618,-87.62724,903.8,""],["DeVry_College_of_New_York",40.747747,-73.983492,585.8,""],["DeVry_University-Arizona",33.565758,-112.104601,593.8,""],["DeVry_University-California",34.062904,-117.803784,673.9,""],["DeVry_University-Colorado",39.91934,-105.008901,259.5,""],["DeVry_University-Florida",25.987643,-80.339842,426.2,""],["DeVry_University-Illinois",41.94219,-87.69146,903.8,""],["DeVry_University-Missouri",38.939506,-94.575014,1417.3,""],["DeVry_University-Nevada",36.020266,-115.096601,168.5,""],["DeVry_University-New_Jersey",40.466026,-74.438606,123.9,""],["DeVry_University-North_Carolina",35.13766,-80.931971,677.6,""],["DeVry_University-Ohio",39.940586,-82.940506,546.3,""],["DeVry_University-Tennessee",36.08537,-86.694511,1101.0,""],["DeVry_University-Texas",32.934524,-97.012494,226.3,""],["De_Anza_College",37.319176,-122.045365,97.0,""],["Del_Mar_College",27.763623,-97.407627,645.0,""],["Delaware_College_of_Art_and_Design",39.741947,-75.549882,1703.5,""],["Delgado_Community_College",29.985149,-90.103962,949.6,""],["Des_Moines_Area_Community_College",41.707348,-93.611597,73.1,""],["DigiPen_Institute_of_Technology",47.68871,-122.150603,64.6,"High"],["Dillard_University",29.996587,-90.06464,949.6,"Medium"],["Dominican_University_of_California",37.980014,-122.514654,324.5,"Medium"],["Donnelly_College",39.112256,-94.650677,595.8,""],["Drake_University",41.60129,-93.652163,527.5,"Medium"],["Drexel_University",39.955217,-75.190051,1029.0,"Medium"],["Drury_University",37.219681,-93.286192,991.5,"Medium"],["Duke_University",36.001135,-78.937624,786.55,"High"],["Dunwoody_College_of_Technology",44.97281,-93.290608,1062.9,""],["Duquesne_University",40.43589,-79.993123,706.2,"Medium"],["Durham_Technical_Community_College",35.974768,-78.8817,786.55,""],["Dutchess_Community_College",41.724245,-73.904652,126.5,""],["ECPI_University",36.842533,-76.178775,138.3,""],["Eagle_Gate_College-Layton",41.073374,-111.973885,121.0,""],["East_Carolina_University",35.607186,-77.368291,523.8,"Medium"],["East_Los_Angeles_College",34.040531,-118.148785,122.4,""],["East_Tennessee_State_University",36.301643,-82.366954,495.8,"Medium"],["Eastern_International_College-Jersey_City",40.735178,-74.060452,521.6,""],["Eastern_Iowa_Community_College_District",41.52047,-90.577796,596.9,""],["Eastern_Mennonite_University",38.471134,-78.880326,217.7,"Medium"],["Eastern_Nazarene_College",42.271228,-71.011079,427.8,"Medium"],["Eastern_New_Mexico_University-Roswell_Campus",33.313167,-104.525718,629.3,""],["Eastfield_College",32.815679,-96.65947,305.2,""],["Eastwick_College-Hackensack",40.885847,-74.040491,null,""],["Ecclesia_College",36.2141,-94.236643,463.2,"Medium"],["Edgewood_College",43.057059,-89.422884,377.7,"Medium"],["Edward_Waters_College",30.34479,-81.684879,648.3,"Low"],["El_Camino_College-Compton_Center",33.876665,-118.209186,1242.1,""],["El_Camino_Community_College_District",33.885229,-118.329913,128.5,""],["El_Centro_College",32.779817,-96.805361,694.2,""],["El_Paso_Community_College",31.773359,-106.373616,366.6,""],["Elgin_Community_College",42.018066,-88.32194,235.4,""],["Elmhurst_College",41.897164,-87.945369,72.0,"Medium"],["Embry-Riddle_Aeronautical_University-Daytona_Beach",29.189903,-81.048367,1155.8,""],["Embry-Riddle_Aeronautical_University-Prescott",34.616766,-112.449741,415.6,""],["Embry-Riddle_Aeronautical_University-Worldwide",29.189903,-81.048367,1155.8,""],["Emerson_College",42.352202,-71.065384,706.8,"High"],["Emmanuel_College_Massachusetts",42.340602,-71.103634,706.8,"Medium"],["Emmaus_Bible_College",42.508307,-90.706011,219.0,"Low"],["Emory_University",33.790183,-84.325512,1119.6,"High"],["Endicott_College",42.553296,-70.840847,206.7,""],["Epic_Bible_College",38.645152,-121.362642,737.4,""],["Erie_Community_College",42.881771,-78.872679,1118.6,""],["Estrella_Mountain_Community_College",33.480722,-112.343158,297.3,""],["Evangel_University",37.220956,-93.262614,991.5,"Medium"],["Everett_Community_College",48.006626,-122.204736,456.7,""],["Everglades_University",26.391218,-80.108331,189.6,""],["Evergreen_Valley_College",37.30167,-121.76561,329.6,""],["FIDM-Fashion_Institute_of_Design_&_Merchandising-Los_Angeles",34.044209,-118.25993,634.8,""],["FIDM-Fashion_Institute_of_Design_&_Merchandising-Orange_County",33.691963,-117.852254,53.2,""],["FIDM-Fashion_Institute_of_Design_&_Merchandising-San_Diego",32.708877,-117.155894,398.6,""],["FIDM-Fashion_Institute_of_Design_&_Merchandising-San_Francisco",37.786324,-122.406503,776.8,""],["Fairfield_University",41.157673,-73.255903,54.9,""],["Fairleigh_Dickinson_University-Metropolitan_Campus",40.897209,-74.028986,139.2,"Medium"],["Faith_Baptist_Bible_College_and_Theological_Seminary",41.737082,-93.624422,73.1,"Medium"],["Fashion_Institute_of_Technology",40.74731,-73.994781,585.8,""],["Faulkner_University",32.384181,-86.21641,395.7,"Medium"],["Fayetteville_State_University",35.073641,-78.891696,575.8,"Low"],["Fayetteville_Technical_Community_College",35.068851,-78.92658,575.8,""],["Fisher_College",42.355253,-71.074125,706.8,""],["Fisk_University",36.16912,-86.805671,1101.0,"Medium"],["Fitchburg_State_University",42.589345,-71.789354,781.7,"Medium"],["Florida_Agricultural_and_Mechanical_University",30.428504,-84.290226,853.0,"Medium"],["Florida_Atlantic_University",26.372421,-80.102978,189.6,"Medium"],["Florida_Gulf_Coast_University",26.463638,-81.7726,1171.2,"Medium"],["Florida_Institute_of_Technology",28.065815,-80.622893,853.1,"Medium"],["Florida_International_University",25.75732,-80.373928,1021.3,"Medium"],["Florida_Memorial_University",25.918278,-80.270753,837.4,""],["Florida_National_University-Main_Campus",25.86178,-80.321846,347.5,""],["Florida_Southern_College",28.032443,-81.948203,465.3,"Medium"],["Florida_State_University",30.440756,-84.291921,853.0,"Medium"],["Folsom_Lake_College",38.661372,-121.127486,115.4,""],["Fox_Valley_Technical_College",44.283174,-88.45893,290.1,""],["Framingham_State_University",42.297289,-71.437175,221.2,"Medium"],["Franciscan_Missionaries_of_Our_Lady_University",30.401379,-91.110587,1082.9,""],["Franklin_University",39.95831,-82.990375,546.3,""],["Franklin_and_Marshall_College",40.048045,-76.319037,773.0,""],["Frederick_Community_College",39.452241,-77.417849,570.3,""],["Fresno_City_College",36.768164,-119.796096,551.2,""],["Fresno_Pacific_University",36.726831,-119.735199,551.2,"Medium"],["Friends_University",37.678459,-97.367048,984.8,"Low"],["Front_Range_Community_College",39.901452,-105.038068,259.5,""],["Fullerton_College",33.875514,-117.918255,326.5,""],["Furman",34.924676,-82.440458,835.1,""],["Gallaudet_University",38.907371,-76.993675,1202.6,"Medium"],["Galveston_College",29.284212,-94.80854,602.0,""],["Gannon_University",42.128403,-80.087166,449.1,"Medium"],["GateWay_Community_College_Arizona",33.449686,-111.997077,593.8,""],["Gateway_Community_College_Connecticut",41.303785,-72.927682,1439.2,""],["Gateway_Technical_College",42.605677,-87.846695,274.0,""],["Gavilan_College",36.973274,-121.568174,317.7,""],["George_Washington_University",38.89923,-77.048363,1202.6,"High"],["Georgetown_University",38.908809,-77.073463,1202.6,"High"],["Georgia_Institute_of_Technology-Main_Campus",33.77242,-84.394832,1119.6,"High"],["Georgia_State_University",33.7527,-84.38667,1119.6,"Medium"],["Georgia_State_University-Perimeter_College",33.753426,-84.385712,1119.6,""],["Georgian_Court_University",40.099617,-74.228186,117.3,"Medium"],["Glendale_Community_College_Arizona",33.570226,-112.190735,491.4,""],["Glendale_Community_College_California",34.166422,-118.228251,119.5,""],["Gods_Bible_School_and_College",39.1153,-84.505703,925.0,""],["Golden_West_College",33.733775,-118.003036,160.8,""],["Goldey-Beacom_College",39.741501,-75.689624,1703.5,""],["Gonzaga_University",47.666531,-117.400625,645.3,"Medium"],["Good_Samaritan_College_of_Nursing_and_Health_Science",39.140348,-84.521196,925.0,""],["Goodwin_College",41.742977,-72.64032,373.3,""],["Goucher_College",39.410175,-76.594843,1535.9,""],["Grand_Canyon_University",33.513231,-112.129929,593.8,""],["Grand_Rapids_Community_College",42.967076,-85.665625,771.2,""],["Grand_View_University",41.620813,-93.604352,527.5,"Medium"],["Granite_State_College",43.19291,-71.527241,214.9,""],["Great_Falls_College_Montana_State_University",47.485581,-111.269558,254.4,""],["Great_Lakes_Christian_College",42.754249,-84.638714,939.9,""],["Greensboro_College",36.071082,-79.800232,597.0,"Low"],["Greenville_Technical_College",34.826212,-82.371178,835.1,""],["Grossmont_College",32.816077,-117.007292,358.3,""],["Guilford_College",36.094233,-79.887737,597.0,""],["Hagerstown_Community_College",39.631009,-77.667379,489.1,""],["Hampton_University",37.019944,-76.339161,227.7,"Medium"],["Hardin-Simmons_University",32.476434,-99.73564,393.7,"Medium"],["Harrisburg_Area_Community_College",40.296777,-76.886408,1461.2,""],["Hartnell_College",36.675091,-121.666054,665.1,""],["Harvard_University",42.374471,-71.118313,402.9,"High"],["Haverford_College",40.007452,-75.305207,51.4,"High"],["Hawaii_Pacific_University",21.310306,-157.859645,243.9,""],["Hawkeye_Community_College",42.430003,-92.330633,682.0,""],["Heartland_Community_College",40.53301,-89.014776,215.9,""],["Hebrew_Theological_College",42.010103,-87.760874,205.8,"Medium"],["Hellenic_College-Holy_Cross_Greek_Orthodox_School_of_Theology",42.317018,-71.129418,137.5,""],["Hendrix_College",35.101565,-92.443256,415.2,"High"],["Hennepin_Technical_College",45.096534,-93.397759,null,""],["Herzing_University-Akron",41.02817,-81.493109,886.6,""],["Herzing_University-Atlanta",33.845128,-84.361869,1119.6,""],["Herzing_University-Birmingham",33.468466,-86.832465,1517.8,""],["Herzing_University-Kenner",30.001605,-90.239525,207.1,""],["Herzing_University-Kenosha",42.603889,-87.857452,274.0,""],["Herzing_University-Madison",43.14415,-89.291561,377.7,""],["Herzing_University-Minneapolis",45.056259,-93.366502,1062.9,""],["Herzing_University-Toledo",41.639266,-83.665453,1128.9,""],["High_Point_University",35.972035,-79.994675,520.6,"Medium"],["Hillsborough_Community_College",27.934888,-82.456253,630.7,""],["Hollins_University",37.354201,-79.943277,554.3,"Medium"],["Holy_Family_University",40.060581,-74.986451,1029.0,"Medium"],["Holy_Names_University",37.802276,-122.187804,1442.5,"Low"],["Holyoke_Community_College",42.194781,-72.651252,948.8,""],["Honolulu_Community_College",21.321785,-157.87,243.9,""],["Hood_College",39.420631,-77.419049,570.3,""],["Hope_International_University",33.87616,-117.88573,326.5,"Medium"],["Housatonic_Community_College",41.175228,-73.191003,1205.2,""],["Houston_Baptist_University",29.693819,-95.515954,966.7,"Medium"],["Houston_Community_College",29.737303,-95.376524,966.7,""],["Howard_University",38.922392,-77.018966,1202.6,"Medium"],["Hudson_County_Community_College",40.7303,-74.062903,521.6,""],["Hudson_Valley_Community_College",42.696509,-73.683734,664.8,""],["Huntingdon_College",32.351034,-86.284366,395.7,"Medium"],["Hussian_College_School_of_Art",39.962505,-75.164185,1029.0,"Medium"],["Huston-Tillotson_University",30.264672,-97.721698,372.5,"Low"],["Hutchinson_Community_College",38.068035,-97.92135,618.6,""],["Idaho_State_University",42.863832,-112.432312,255.5,""],["Illinois_Institute_of_Technology",41.8313,-87.627321,903.8,"Medium"],["Illinois_State_University",40.509403,-88.990058,215.9,""],["Illinois_Wesleyan_University",40.489901,-88.992014,482.4,"Medium"],["Indiana_Institute_of_Technology",41.078365,-85.116479,378.9,"Low"],["Indiana_State_University",39.469073,-87.407846,312.3,"Medium"],["Indiana_University-Bloomington",39.16609,-86.526559,297.7,"Medium"],["Indiana_University-Kokomo",40.460062,-86.132048,387.9,"Medium"],["Indiana_University-Northwest",41.557324,-87.337249,904.7,"Low"],["Indiana_University-Purdue_University-Fort_Wayne",41.117278,-85.108962,378.9,"Medium"],["Indiana_University-Purdue_University-Indianapolis",39.772948,-86.172217,1288.0,"Medium"],["Indiana_University-South_Bend",41.665324,-86.221991,613.4,"Medium"],["Institute_of_American_Indian_and_Alaska_Native_Culture_and_Arts_Development",35.586563,-106.010015,481.4,""],["International_Baptist_College_and_Seminary",33.273788,-111.879629,224.0,""],["Iona_College",40.925725,-73.788046,232.0,"Medium"],["Iowa_State_University",42.026212,-93.648504,131.6,"Medium"],["Iowa_Western_Community_College",41.272168,-95.797975,1186.5,""],["Irvine_Valley_College",33.675381,-117.777539,53.2,""],["Ivy_Tech_Community_College",39.803753,-86.158213,1288.0,""],["J_Sargeant_Reynolds_Community_College",37.636837,-77.473918,648.7,""],["Jackson_State_University",32.296105,-90.207405,948.1,"Medium"],["Jacksonville_University",30.353227,-81.60458,648.3,""],["James_Madison_University",38.436311,-78.870484,217.7,"Medium"],["Jefferson_(Philadelphia_University_+_Thomas_Jefferson_University)",40.022882,-75.192645,1029.0,"Medium"],["Jefferson_State_Community_College",33.652535,-86.707233,1517.8,""],["Jewish_Theological_Seminary_of_America",40.811892,-73.960582,585.8,"High"],["John_A_Gupton_College",36.156603,-86.7948,1101.0,""],["John_Paul_the_Great_Catholic_University",33.12085,-117.082401,426.1,"Medium"],["John_Wood_Community_College",39.913741,-91.335828,462.1,""],["Johns_Hopkins_University",39.328977,-76.621595,1535.9,"High"],["Johnson_&_Wales_University-Charlotte",35.233502,-80.851208,677.6,""],["Johnson_&_Wales_University-Denver",39.746101,-104.906281,673.9,""],["Johnson_&_Wales_University-North_Miami",25.894337,-80.164797,854.6,""],["Johnson_&_Wales_University-Online",41.819956,-71.41277,636.9,""],["Johnson_&_Wales_University-Providence",41.819956,-71.41277,636.9,""],["Johnson_C_Smith_University",35.243033,-80.857251,677.6,"Low"]],"headers":["Institution_Name","Lat","Long_1","AverageofViolent_Crime_Rate_Per_100_000_People","SAT_Range"],"rawHeaders":["Institution_Name","Lat","Long_1","AverageofViolent_Crime_Rate_Per_100_000_People","SAT_Range"]},"format":{"type":"TABLE"},"headerInfo":[{"alias":"Institution_Name","header":"Institution_Name","type":"STRING","derived":false},{"alias":"Lat","header":"Lat","type":"NUMBER","derived":false},{"alias":"Long_1","header":"Long_1","type":"NUMBER","derived":false},{"alias":"AverageofViolent_Crime_Rate_Per_100_000_People","header":"AverageofViolent_Crime_Rate_Per_100_000_People","calculatedBy":"Violent_Crime_Rate_Per_100_000_People","groupBy":["Institution_Name","Lat","Long_1","SAT_Range"],"math":"Average","type":"STRING","derived":true},{"alias":"SAT_Range","header":"SAT_Range","type":"STRING","derived":false}],"sortInfo":[],"numCollected":500,"taskOptions":{"0":{"layout":"Map","alignment":{"size":["AverageofViolent_Crime_Rate_Per_100_000_People"],"color":["SAT_Range"],"latitude":["Lat"],"tooltip":[],"label":["Institution_Name"],"longitude":["Long_1"]}}},"filterInfo":[],"taskId":"task1"},"operationType":["TASK_DATA"]},{"pixelExpression":"if ( ( HasDuplicates ( Institution_Name , State_1 ) ) , ( Select ( Institution_Name , State_1 , Average ( Percent_Female ) ) .as ( [ Institution_Name , State_1 , AverageofPercent_Female ] ) | Group ( Institution_Name , State_1 ) | With ( Panel ( 1 ) ) | Format ( type = [ 'table' ] ) | TaskOptions ( { \"1\" : { \"layout\" : \"HeatMap\" , \"alignment\" : { \"x\" : [ \"Institution_Name\" ] , \"y\" : [ \"State_1\" ] , \"heat\" : [ \"AverageofPercent_Female\" ] , \"facet\" : [ ] , \"tooltip\" : [ ] } } } ) | Collect ( 500 ) ) , ( Select ( Institution_Name , State_1 , Percent_Female ) .as ( [ Institution_Name , State_1 , Percent_Female ] ) | With ( Panel ( 1 ) ) | Format ( type = [ 'table' ] ) | TaskOptions ( { \"1\" : { \"layout\" : \"HeatMap\" , \"alignment\" : { \"x\" : [ \"Institution_Name\" ] , \"y\" : [ \"State_1\" ] , \"heat\" : [ \"Percent_Female\" ] , \"facet\" : [ ] , \"tooltip\" : [ ] } } } ) | Collect ( 500 ) ) ) ;","isMeta":false,"output":{"data":{"values":[["AI_Miami_International_University_of_Art_and_Design","FL",0.571803853],["Abilene_Christian_University","TX",0.611820013],["Academy_of_Art_University","CA",0.573198198],["Advanced_Technology_Institute","VA",0.034739454],["Adventist_University_of_Health_Sciences","FL",0.825105783],["Advertising_Art_Educational_Services_DBA_School_of_Advertising_Art","OH",0.693467337],["Aims_Community_College","CO",0.592539455],["Alabama_State_University","AL",0.61341853],["Alaska_Pacific_University","AK",0.630136986],["Albany_College_of_Pharmacy_and_Health_Sciences","NY",0.603174603],["Albany_State_University","GA",0.664838513],["Albertus_Magnus_College","CT",0.694684796],["Albright_College","PA",0.625887924],["Allan_Hancock_College","CA",0.537003281],["Alvernia_University","PA",0.71123872],["Alverno_College","WI",null],["Amarillo_College","TX",0.618452667],["American_Academy_of_Art","IL",0.688741722],["American_Academy_of_Dramatic_Arts-Los_Angeles","CA",0.595238095],["American_Academy_of_Dramatic_Arts-New_York","NY",0.595238095],["American_International_College","MA",0.594152047],["American_Jewish_University","CA",0.583333333],["American_River_College","CA",0.574448035],["American_University","DC",0.660954712],["Amridge_University","AL",0.648648649],["Anderson_University_Indiana","IN",0.563517915],["Anoka-Ramsey_Community_College","MN",0.62031107],["Antonelli_College-Hattiesburg","MS",0.909224012],["Antonelli_College-Jackson","MS",0.909224012],["Apex_School_of_Theology","NC",0.66992665],["Aquinas_College","MI",0.639669422],["Arapahoe_Community_College","CO",0.635072553],["Argosy_University-Atlanta","GA",0.649788711],["Argosy_University-Chicago","IL",0.649788711],["Argosy_University-Nashville","TN",0.649788711],["Argosy_University-Orange_County","CA",0.649788711],["Argosy_University-Phoenix","AZ",0.649788711],["Argosy_University-Sarasota","FL",0.649788711],["Argosy_University-The_Art_Institute_of_California-Inland_Empire","CA",0.649788711],["Argosy_University-The_Art_Institute_of_California-Orange_County","CA",0.649788711],["Argosy_University-The_Art_Institute_of_California-Sacramento","CA",0.649788711],["Argosy_University-The_Art_Institute_of_California-San_Diego","CA",0.649788711],["Argosy_University-The_Art_Institute_of_California-San_Francisco","CA",0.649788711],["Argosy_University-Twin_Cities","MN",0.649788711],["Arizona_Christian_University","AZ",0.289473684],["Arizona_State_University-Downtown_Phoenix","AZ",0.556830661],["Arizona_State_University-Polytechnic","AZ",0.556830661],["Arizona_State_University-Skysong","AZ",0.556830661],["Arizona_State_University-Tempe","AZ",0.556830661],["Arizona_State_University-West","AZ",0.556830661],["Arizona_Western_College","AZ",0.53229783],["Arkansas_Baptist_College","AR",0.250285714],["Arkansas_State_University-Main_Campus","AR",0.610874916],["Arlington_Baptist_University","TX",0.364341085],["Art_Academy_of_Cincinnati","OH",0.744680851],["Art_Center_College_of_Design","CA",0.55234657],["Asheville-Buncombe_Technical_Community_College","NC",0.582898853],["Asnuntuck_Community_College","CT",0.37147737],["Assumption_College","MA",0.597],["Auburn_University","AL",0.531504671],["Auburn_University_at_Montgomery","AL",0.69294809],["Augsburg_University","MN",0.546448087],["Augustana_University","SD",0.652459016],["Aultman_College_of_Nursing_and_Health_Sciences","OH",0.901639344],["Aurora_University","IL",0.665131276],["Austin_Community_College_District","TX",0.558947788],["Austin_Peay_State_University","TN",0.599089289],["Averett_University","VA",0.52657602],["Averett_University-Non-Traditional_Programs","VA",0.52657602],["Avila_University","MO",0.629274966],["Azusa_Pacific_University","CA",0.725888325],["Baker_College","MI",0.667029973],["Ball_State_University","IN",0.598226656],["Baptist_Bible_College","MO",0.564593301],["Baptist_Health_College-Little_Rock","AR",0.864],["Baptist_Memorial_College_of_Health_Sciences","TN",0.920068027],["Baptist_University_of_the_Americas","TX",0.555555556],["Barnard_College","NY",null],["Barry_University","FL",0.673622258],["Barton_College","NC",0.730578512],["Bates_Technical_College","WA",0.388429752],["Baton_Rouge_Community_College","LA",0.627832326],["Bay_State_College","MA",0.710691824],["Baylor_University","TX",0.603382984],["Becker_College","MA",0.588785047],["Bel-Rea_Institute_of_Animal_Technology","CO",0.878881988],["Belanger_School_of_Nursing","NY",0.872727273],["Belhaven_University","MS",0.682814302],["Bellevue_University","NE",0.594844679],["Bellin_College","WI",0.887850467],["Belmont_University","TN",0.653945333],["Bennett_College","NC",null],["Bentley_University","MA",0.399513776],["Berkeley_City_College","CA",0.562573099],["Berkeley_College-New_York","NY",0.652948044],["Berklee_College_of_Music","MA",0.360867321],["Berkshire_Community_College","MA",0.587104072],["Bethel_College-Indiana","IN",0.66319896],["Bethesda_University","CA",0.34375],["Bethune-Cookman_University","FL",0.60409699],["Beulah_Heights_University","GA",0.480225989],["Biola_University","CA",0.667792032],["Birmingham_Southern_College","AL",0.520361991],["Black_Hawk_College","IL",0.629842932],["Blackhawk_Technical_College","WI",0.577859779],["Bloomfield_College","NJ",0.6263287],["Bluegrass_Community_and_Technical_College","KY",0.586036805],["Bob_Jones_University","SC",0.558823529],["Boise_Bible_College","ID",0.453333333],["Boise_State_University","ID",0.56921797],["Bossier_Parish_Community_College","LA",0.639582388],["Boston_Baptist_College","MA",0.428571429],["Boston_University","MA",0.654662533],["Bowie_State_University","MD",0.636363636],["Bradford_School","PA",0.701176471],["Bradley_University","IL",0.529885058],["Brandeis_University","MA",0.602708804],["Brescia_University","KY",0.740994854],["Briar_Cliff_University","IA",0.570754717],["Brigham_Young_University-Provo","UT",0.47952785],["Bristol_Community_College","MA",0.628442438],["Brown_College_of_Court_Reporting","GA",null],["Brown_University","RI",0.540378007],["Bryan_College_of_Health_Sciences","NE",0.920502092],["Bryant_&_Stratton_College-Henrietta","NY",0.817159033],["Bryant_&_Stratton_College-Milwaukee","WI",0.817159033],["Bryant_&_Stratton_College-Syracuse","NY",0.817159033],["Bunker_Hill_Community_College","MA",0.57102649],["Butler_University","IN",0.60110421],["CUNY_Bernard_M_Baruch_College","NY",0.514732303],["CUNY_Borough_of_Manhattan_Community_College","NY",0.575172658],["CUNY_City_College","NY",0.537749288],["CUNY_Hunter_College","NY",0.671951618],["CUNY_John_Jay_College_of_Criminal_Justice","NY",0.609853068],["California_Baptist_University","CA",0.66061706],["California_College_of_the_Arts","CA",0.618918919],["California_Institute_of_Technology","CA",0.456521739],["California_Lutheran_University","CA",0.617228464],["California_Polytechnic_State_University-San_Luis_Obispo","CA",0.502962625],["California_State_Polytechnic_University-Pomona","CA",0.494709646],["California_State_University-Bakersfield","CA",0.642660551],["California_State_University-Channel_Islands","CA",0.683462969],["California_State_University-Chico","CA",0.574591709],["California_State_University-Dominguez_Hills","CA",0.657280772],["California_State_University-East_Bay","CA",0.659212283],["California_State_University-Fresno","CA",0.621197252],["California_State_University-Fullerton","CA",0.598007937],["California_State_University-Long_Beach","CA",0.590154456],["California_State_University-Los_Angeles","CA",0.605779856],["California_State_University-Sacramento","CA",0.593394176],["California_State_University-San_Bernardino","CA",0.624712296],["California_State_University-San_Marcos","CA",0.65968394],["California_State_University-Stanislaus","CA",0.677172654],["California_State_University_Maritime_Academy","CA",0.191542289],["Calvary_University","MO",0.403508772],["Calvin_College","MI",0.562759767],["Cambridge_College","MA",0.742738589],["Cameron_University","OK",0.641994751],["Canada_College","CA",0.654846336],["Canisius_College","NY",0.540880503],["Cape_Fear_Community_College","NC",0.564845127],["Capella_University","MN",0.746927998],["Capital_Community_College","CT",0.707637835],["Capital_University","OH",0.625702247],["Cardinal_Stritch_University","WI",0.721367521],["Carlos_Albizu_University-Miami","FL",0.804210526],["Carlow_University","PA",0.84673913],["Carnegie_Mellon_University","PA",0.472536349],["Carolinas_College_of_Health_Sciences","NC",0.910828026],["Carroll_University","WI",0.663884674],["Carthage_College","WI",0.550553506],["Case_Western_Reserve_University","OH",0.472095151],["Casper_College","WY",0.586392122],["Catawba_Valley_Community_College","NC",0.581741966],["Catholic_University_of_America","DC",0.579831933],["Cedar_Crest_College","PA",0.955026455],["Centenary_College_of_Louisiana","LA",0.514285714],["Central_Baptist_College","AR",0.460992908],["Central_Carolina_Technical_College","SC",0.650978565],["Central_Community_College","NE",0.576500423],["Central_Connecticut_State_University","CT",0.491322415],["Central_New_Mexico_Community_College","NM",0.563147974],["Central_Ohio_Technical_College","OH",0.717804002],["Central_Texas_College","TX",0.508445946],["Cerritos_College","CA",0.552930992],["Chabot_College","CA",0.588915234],["Chaffey_College","CA",0.598109864],["Chamberlain_University-Arizona","AZ",0.896986301],["Chamberlain_University-Florida","FL",0.896986301],["Chamberlain_University-Georgia","GA",0.896986301],["Chamberlain_University-Indiana","IN",0.896986301],["Chamberlain_University-Missouri","MO",0.896986301],["Chamberlain_University-Ohio","OH",0.896986301],["Chaminade_University_of_Honolulu","HI",0.713097713],["Chandler-Gilbert_Community_College","AZ",0.537917913],["Chapman_University","CA",0.647474199],["Charleston_Southern_University","SC",0.628877609],["Chatham_University","PA",0.750883392],["Chemeketa_Community_College","OR",0.568465566],["Chestnut_Hill_College","PA",0.671111111],["Chicago_State_University","IL",0.703819174],["Christian_Brothers_University","TN",0.585403727],["Christopher_Newport_University","VA",0.595238095],["Cincinnati_Christian_University","OH",0.32038835],["Cincinnati_State_Technical_and_Community_College","OH",0.586096939],["Citadel_Military_College_of_South_Carolina","SC",0.11843362],["Citrus_College","CA",0.581582477],["City_College-Altamonte_Springs","FL",0.778877888],["City_College-Hollywood","FL",0.734204793],["City_College_of_San_Francisco","CA",0.52631579],["City_Colleges_of_Chicago-Harold_Washington_College","IL",0.567233385],["City_Colleges_of_Chicago-Kennedy-King_College","IL",0.603580563],["City_Colleges_of_Chicago-Malcolm_X_College","IL",0.777454968],["City_Colleges_of_Chicago-Richard_J_Daley_College","IL",0.573426573],["City_Colleges_of_Chicago-Wilbur_Wright_College","IL",0.554996857],["Clark_Atlanta_University","GA",0.762973352],["Clark_State_Community_College","OH",0.668567998],["Clark_University","MA",0.656084656],["Clarke_University","IA",0.608695652],["Clarkson_College","NE",0.864559819],["Cleveland_Institute_of_Art","OH",0.655737705],["Cleveland_Institute_of_Music","OH",0.440677966],["Cleveland_State_Community_College","TN",0.592403628],["Cleveland_State_University","OH",0.589336719],["Coastline_Community_College","CA",0.556771546],["Cochise_County_Community_College_District","AZ",0.567677946],["Coconino_Community_College","AZ",0.53502627],["Coe_College","IA",0.574780059],["Cogswell_College","CA",0.342465753],["College_for_Creative_Studies","MI",0.565743945],["College_of_Alameda","CA",0.542962963],["College_of_Biblical_Studies-Houston","TX",0.54954955],["College_of_Charleston","SC",0.657823498],["College_of_Eastern_Idaho","ID",0.587973274],["College_of_Our_Lady_of_the_Elms","MA",0.772315653],["College_of_Saint_Mary","NE",null],["College_of_San_Mateo","CA",0.51529052],["College_of_Southern_Idaho","ID",0.605072464],["College_of_the_Canyons","CA",0.569762123],["College_of_the_Desert","CA",0.559255632],["College_of_the_Holy_Cross","MA",0.526439483],["College_of_the_Mainland","TX",0.633136095],["College_of_the_Sequoias","CA",0.561565442],["Collin_County_Community_College_District","TX",0.599704381],["Colorado_Christian_University","CO",0.727591387],["Colorado_College","CO",0.62006079],["Colorado_Mesa_University","CO",0.529213753],["Colorado_State_University-Fort_Collins","CO",0.549675487],["Colorado_State_University-Pueblo","CO",0.529977117],["Columbia_College_Chicago","IL",0.611514662],["Columbia_College_Missouri","MO",0.623674218],["Columbia_University_in_the_City_of_New_York","NY",0.447272727],["Columbus_College_of_Art_and_Design","OH",0.7],["Columbus_State_Community_College","OH",0.548073586],["Columbus_State_University","GA",0.631778058],["Community_College_of_Allegheny_County","PA",0.591620188],["Community_College_of_Aurora","CO",0.614931238],["Community_College_of_Baltimore_County","MD",0.615666179],["Community_College_of_Denver","CO",0.589594215],["Community_College_of_Philadelphia","PA",0.607332369],["Community_College_of_Rhode_Island","RI",0.58821993],["Concordia_University-Ann_Arbor","MI",0.642100415],["Concordia_University-Irvine","CA",0.672707889],["Concordia_University-Portland","OR",0.705722071],["Concordia_University_Texas","TX",0.648423006],["Coppin_State_University","MD",0.774945375],["Corban_University","OR",0.624535316],["Cornerstone_University","MI",0.652642934],["Cornish_College_of_the_Arts","WA",0.642276423],["Cosumnes_River_College","CA",0.578116917],["Cox_College","MO",0.854545455],["Crafton_Hills_College","CA",0.572617247],["Creighton_University","NE",0.610714286],["Criswell_College","TX",0.2625],["Crossroads_Bible_College","IN",0.504854369],["Cuesta_College","CA",0.586419753],["Culinary_Institute_Inc","TX",0.522727273],["Cumberland_County_College","NJ",0.634520548],["Curtis_Institute_of_Music","PA",null],["Cuyahoga_Community_College_District","OH",0.598434848],["Cuyamaca_College","CA",0.566356429],["Cypress_College","CA",0.600128507],["DYouville_College","NY",0.752314815],["Dallas_Baptist_University","TX",0.610486891],["Dallas_Christian_College","TX",0.523255814],["Danville_Community_College","VA",0.562686567],["Darton_State_College","GA",0.744528167],["Davenport_University","MI",0.562619808],["DePaul_University","IL",0.550042337],["DeVry_College_of_New_York","NY",0.605904902],["DeVry_University-Arizona","AZ",0.605904902],["DeVry_University-California","CA",0.605904902],["DeVry_University-Colorado","CO",0.605904902],["DeVry_University-Florida","FL",0.605904902],["DeVry_University-Illinois","IL",0.605904902],["DeVry_University-Missouri","MO",0.605904902],["DeVry_University-Nevada","NV",0.605904902],["DeVry_University-New_Jersey","NJ",0.605904902],["DeVry_University-North_Carolina","NC",0.605904902],["DeVry_University-Ohio","OH",0.605904902],["DeVry_University-Tennessee","TN",0.605904902],["DeVry_University-Texas","TX",0.605904902],["De_Anza_College","CA",0.517590361],["Del_Mar_College","TX",0.585812357],["Delaware_College_of_Art_and_Design","DE",0.664383562],["Delgado_Community_College","LA",0.644581221],["Des_Moines_Area_Community_College","IA",0.547203034],["DigiPen_Institute_of_Technology","WA",0.258855586],["Dillard_University","LA",0.732484076],["Dominican_University_of_California","CA",0.729166667],["Donnelly_College","KS",0.808035714],["Drake_University","IA",0.609756098],["Drexel_University","PA",0.568042814],["Drury_University","MO",0.603750756],["Duke_University","NC",0.546550569],["Dunwoody_College_of_Technology","MN",0.166666667],["Duquesne_University","PA",0.642581144],["Durham_Technical_Community_College","NC",0.628991597],["Dutchess_Community_College","NY",0.562110783],["ECPI_University","VA",0.637383178],["Eagle_Gate_College-Layton","UT",0.77184466],["East_Carolina_University","NC",0.593396951],["East_Los_Angeles_College","CA",0.569275583],["East_Tennessee_State_University","TN",0.583421666],["Eastern_International_College-Jersey_City","NJ",0.904878049],["Eastern_Iowa_Community_College_District","IA",0.626948052],["Eastern_Mennonite_University","VA",0.635714286],["Eastern_Nazarene_College","MA",0.564383562],["Eastern_New_Mexico_University-Roswell_Campus","NM",0.582059533],["Eastfield_College","TX",0.62522569],["Eastwick_College-Hackensack","NJ",0.822018349],["Ecclesia_College","AR",0.375586855],["Edgewood_College","WI",0.75464191],["Edward_Waters_College","FL",0.463114754],["El_Camino_College-Compton_Center","CA",0.562264151],["El_Camino_Community_College_District","CA",0.562264151],["El_Centro_College","TX",0.723953262],["El_Paso_Community_College","TX",0.551612097],["Elgin_Community_College","IL",0.546279492],["Elmhurst_College","IL",0.607428988],["Embry-Riddle_Aeronautical_University-Daytona_Beach","FL",0.181643441],["Embry-Riddle_Aeronautical_University-Prescott","AZ",0.181643441],["Embry-Riddle_Aeronautical_University-Worldwide","FL",0.181643441],["Emerson_College","MA",0.614307932],["Emmanuel_College_Massachusetts","MA",0.756650246],["Emmaus_Bible_College","IA",0.559322034],["Emory_University","GA",0.660647902],["Endicott_College","MA",0.632200886],["Epic_Bible_College","CA",0.504201681],["Erie_Community_College","NY",0.51068316],["Estrella_Mountain_Community_College","AZ",0.626174497],["Evangel_University","MO",0.550573514],["Everett_Community_College","WA",0.671573137],["Everglades_University","FL",0.552253116],["Evergreen_Valley_College","CA",0.592547093],["FIDM-Fashion_Institute_of_Design_&_Merchandising-Los_Angeles","CA",0.890282132],["FIDM-Fashion_Institute_of_Design_&_Merchandising-Orange_County","CA",0.890282132],["FIDM-Fashion_Institute_of_Design_&_Merchandising-San_Diego","CA",0.890282132],["FIDM-Fashion_Institute_of_Design_&_Merchandising-San_Francisco","CA",0.890282132],["Fairfield_University","CT",0.645718775],["Fairleigh_Dickinson_University-Metropolitan_Campus","NJ",0.588029402],["Faith_Baptist_Bible_College_and_Theological_Seminary","IA",0.571428571],["Fashion_Institute_of_Technology","NY",0.83929258],["Faulkner_University","AL",0.638731597],["Fayetteville_State_University","NC",0.698267408],["Fayetteville_Technical_Community_College","NC",0.623184318],["Fisher_College","MA",0.693584071],["Fisk_University","TN",0.741071429],["Fitchburg_State_University","MA",0.534308779],["Florida_Agricultural_and_Mechanical_University","FL",0.64793518],["Florida_Atlantic_University","FL",0.612283704],["Florida_Gulf_Coast_University","FL",0.594009983],["Florida_Institute_of_Technology","FL",0.524374177],["Florida_International_University","FL",0.606936085],["Florida_Memorial_University","FL",0.609673791],["Florida_National_University-Main_Campus","FL",0.7377846],["Florida_Southern_College","FL",0.685689949],["Florida_State_University","FL",0.584465415],["Folsom_Lake_College","CA",0.606092998],["Fox_Valley_Technical_College","WI",0.485884567],["Framingham_State_University","MA",0.598870057],["Franciscan_Missionaries_of_Our_Lady_University","LA",0.893108298],["Franklin_University","OH",0.610630408],["Franklin_and_Marshall_College","PA",0.565853659],["Frederick_Community_College","MD",0.590492554],["Fresno_City_College","CA",0.557442235],["Fresno_Pacific_University","CA",0.74513173],["Friends_University","KS",0.552262091],["Front_Range_Community_College","CO",0.595872743],["Fullerton_College","CA",0.542943029],["Furman","SC",0.585055644],["Gallaudet_University","DC",0.515748032],["Galveston_College","TX",0.590163934],["Gannon_University","PA",0.62369338],["GateWay_Community_College_Arizona","AZ",0.618181818],["Gateway_Community_College_Connecticut","CT",0.577665827],["Gateway_Technical_College","WI",0.585932316],["Gavilan_College","CA",0.610110803],["George_Washington_University","DC",0.634680135],["Georgetown_University","DC",0.589970502],["Georgia_Institute_of_Technology-Main_Campus","GA",0.377437326],["Georgia_State_University","GA",0.630079449],["Georgia_State_University-Perimeter_College","GA",0.630079449],["Georgian_Court_University","NJ",0.728932584],["Glendale_Community_College_Arizona","AZ",0.567874178],["Glendale_Community_College_California","CA",0.562105678],["Gods_Bible_School_and_College","OH",0.554545455],["Golden_West_College","CA",0.540813207],["Goldey-Beacom_College","DE",0.587020649],["Gonzaga_University","WA",0.526244035],["Good_Samaritan_College_of_Nursing_and_Health_Science","OH",0.909448819],["Goodwin_College","CT",0.831048773],["Goucher_College","MD",0.682692308],["Grand_Canyon_University","AZ",0.743284234],["Grand_Rapids_Community_College","MI",0.544441185],["Grand_View_University","IA",0.545623836],["Granite_State_College","NH",0.754467755],["Great_Falls_College_Montana_State_University","MT",0.672782875],["Great_Lakes_Christian_College","MI",0.46728972],["Greensboro_College","NC",0.442088091],["Greenville_Technical_College","SC",0.609317857],["Grossmont_College","CA",0.59985356],["Guilford_College","NC",0.501199041],["Hagerstown_Community_College","MD",0.608353808],["Hampton_University","VA",0.691535151],["Hardin-Simmons_University","TX",0.530379747],["Harrisburg_Area_Community_College","PA",0.627398878],["Hartnell_College","CA",0.562995246],["Harvard_University","MA",0.501538462],["Haverford_College","PA",0.471910112],["Hawaii_Pacific_University","HI",0.69441903],["Hawkeye_Community_College","IA",0.534383404],["Heartland_Community_College","IL",0.565708419],["Hebrew_Theological_College","IL",0.606060606],["Hellenic_College-Holy_Cross_Greek_Orthodox_School_of_Theology","MA",0.296296296],["Hendrix_College","AR",0.505952381],["Hennepin_Technical_College","MN",0.385503065],["Herzing_University-Akron","OH",0.813546519],["Herzing_University-Atlanta","GA",0.813546519],["Herzing_University-Birmingham","AL",0.813546519],["Herzing_University-Kenner","LA",0.813546519],["Herzing_University-Kenosha","WI",0.813546519],["Herzing_University-Madison","WI",0.813546519],["Herzing_University-Minneapolis","MN",0.813546519],["Herzing_University-Toledo","OH",0.813546519],["High_Point_University","NC",0.633381924],["Hillsborough_Community_College","FL",0.604787388],["Hollins_University","VA",null],["Holy_Family_University","PA",0.758715596],["Holy_Names_University","CA",0.666666667],["Holyoke_Community_College","MA",0.618307906],["Honolulu_Community_College","HI",0.42176259],["Hood_College","MD",0.635897436],["Hope_International_University","CA",0.54368932],["Housatonic_Community_College","CT",0.607751938],["Houston_Baptist_University","TX",0.645901639],["Houston_Community_College","TX",0.594227295],["Howard_University","DC",0.717757937],["Hudson_County_Community_College","NJ",0.586008536],["Hudson_Valley_Community_College","NY",0.476316787],["Huntingdon_College","AL",0.470414201],["Hussian_College_School_of_Art","PA",0.625954199],["Huston-Tillotson_University","TX",0.587155963],["Hutchinson_Community_College","KS",0.575121163],["Idaho_State_University","ID",0.570594775],["Illinois_Institute_of_Technology","IL",0.30011325],["Illinois_State_University","IL",0.562434964],["Illinois_Wesleyan_University","IL",0.522727273],["Indiana_Institute_of_Technology","IN",0.661044703],["Indiana_State_University","IN",0.585659368],["Indiana_University-Bloomington","IN",0.531570727],["Indiana_University-Kokomo","IN",0.677976953],["Indiana_University-Northwest","IN",0.705784205],["Indiana_University-Purdue_University-Fort_Wayne","IN",0.587204451],["Indiana_University-Purdue_University-Indianapolis","IN",0.609940853],["Indiana_University-South_Bend","IN",0.628215768],["Institute_of_American_Indian_and_Alaska_Native_Culture_and_Arts_Development","NM",0.534090909],["International_Baptist_College_and_Seminary","AZ",0.48],["Iona_College","NY",0.529769959],["Iowa_State_University","IA",0.462423697],["Iowa_Western_Community_College","IA",0.53999414],["Irvine_Valley_College","CA",0.52441691],["Ivy_Tech_Community_College","IN",0.627660353],["J_Sargeant_Reynolds_Community_College","VA",0.615017878],["Jackson_State_University","MS",0.646478122],["Jacksonville_University","FL",0.664921466],["James_Madison_University","VA",0.61322532],["Jefferson_(Philadelphia_University_+_Thomas_Jefferson_University)","PA",0.725244073],["Jefferson_State_Community_College","AL",0.660555005],["Jewish_Theological_Seminary_of_America","NY",null],["John_A_Gupton_College","TN",0.725806452],["John_Paul_the_Great_Catholic_University","CA",0.485714286],["John_Wood_Community_College","IL",0.5930131],["Johns_Hopkins_University","MD",0.517218543],["Johnson_&_Wales_University-Charlotte","NC",0.635339712],["Johnson_&_Wales_University-Denver","CO",0.635339712],["Johnson_&_Wales_University-North_Miami","FL",0.635339712],["Johnson_&_Wales_University-Online","RI",0.635339712],["Johnson_&_Wales_University-Providence","RI",0.635339712],["Johnson_C_Smith_University","NC",0.586096257]],"headers":["Institution_Name","State_1","AverageofPercent_Female"],"rawHeaders":["Institution_Name","State_1","AverageofPercent_Female"]},"format":{"type":"TABLE"},"headerInfo":[{"alias":"Institution_Name","header":"Institution_Name","type":"STRING","derived":false},{"alias":"State_1","header":"State_1","type":"STRING","derived":false},{"alias":"AverageofPercent_Female","header":"AverageofPercent_Female","calculatedBy":"Percent_Female","groupBy":["Institution_Name","State_1"],"math":"Average","type":"STRING","derived":true}],"sortInfo":[],"numCollected":500,"taskOptions":{"1":{"layout":"HeatMap","alignment":{"heat":["AverageofPercent_Female"],"x":["Institution_Name"],"tooltip":[],"y":["State_1"],"facet":[]}}},"filterInfo":[],"taskId":"task19"},"operationType":["TASK_DATA"]}]}