{"engineId":"ec40eeae-0a36-4263-93b8-9098b033eff1","engineName":"College","rdbmsId":"238c2310-fe12-4388-8ae8-7723956891d9","varstore":{},"frames":[{"file":"@BaseFolder@/db/@ENGINE@/version/238c2310-fe12-4388-8ae8-7723956891d9/FRAME162315.rda","meta":"@BaseFolder@/db/@ENGINE@/version/238c2310-fe12-4388-8ae8-7723956891d9/METADATA__FRAME162315.owl","state":null,"type":"prerna.ds.r.RDataTable","name":"FRAME162315","keys":["FRAME162315"]},{"file":"@BaseFolder@/db/@ENGINE@/version/238c2310-fe12-4388-8ae8-7723956891d9/FRAME162315.rda","meta":"@BaseFolder@/db/@ENGINE@/version/238c2310-fe12-4388-8ae8-7723956891d9/METADATA__FRAME162315.owl","state":null,"type":"prerna.ds.r.RDataTable","name":"FRAME162315","keys":["$CUR_FRAME_KEY"]}],"panels":[{"panelId":"0","panelLabel":"Mapping by SAT Score Range","view":"visualization","viewOptions":"{\"type\":\"standard\"}","viewOptionsMap":"{\"federate-view\":{\"app_id\":\"ec40eeae-0a36-4263-93b8-9098b033eff1\"},\"visualization\":{\"type\":\"standard\"}}","config":"{\"type\":\"STANDARD\",\"opacity\":100}","ornaments":"{\"tools\":{\"shared\":{\"colorName\":\"Eight\",\"backgroundColor\":\"#FFFFFF\",\"color\":{}}}}","events":"{\"onSingleClick\":{\"filter\":[{\"disabledVisuals\":[],\"query\":\"SetFrameFilter(<SelectedColumn>==<SelectedValues>);\",\"options\":{},\"refresh\":true,\"panel\":\"\"}],\"Unfilter\":[{\"disabledVisuals\":[\"Grid\",\"Sunburst\"],\"default\":true,\"query\":\"UnfilterFrame(<SelectedColumn>);\",\"options\":{},\"refresh\":false,\"disabled\":false,\"panel\":\"\"}]},\"onBrush\":{\"Filter\":[{\"default\":true,\"query\":\"if(IsEmpty(<SelectedValues>), UnfilterFrame(<SelectedColumn>), SetFrameFilter(<SelectedColumn>==<SelectedValues>));\",\"options\":{},\"refresh\":false,\"disabled\":false,\"panel\":\"\"}]}}","comments":"{}","position":"{}","filters":[],"order":[],"cbv":{}},{"panelId":"1","panelLabel":"Majors Word Cloud","view":"visualization","viewOptions":"{\"type\":\"echarts\"}","viewOptionsMap":"{\"federate-view\":{\"app_id\":\"ec40eeae-0a36-4263-93b8-9098b033eff1\"},\"visualization\":{\"type\":\"echarts\"}}","config":"{\"type\":\"STANDARD\",\"opacity\":100.0}","ornaments":"{\"tools\":{\"shared\":{\"colorName\":\"Eight\",\"backgroundColor\":\"#FFFFFF\",\"color\":{\"UniqueCountofInstitution Name\":\"#F1433F\"}}}}","events":"{\"onSingleClick\":{\"Unfilter\":[{\"disabledVisuals\":[\"Grid\",\"Sunburst\"],\"default\":true,\"query\":\"UnfilterFrame(<SelectedColumn>);\",\"options\":{},\"refresh\":false,\"disabled\":false,\"panel\":\"\"}]},\"onBrush\":{\"Filter\":[{\"default\":true,\"query\":\"if(IsEmpty(<SelectedValues>), UnfilterFrame(<SelectedColumn>), SetFrameFilter(<SelectedColumn>==<SelectedValues>));\",\"options\":{},\"refresh\":false,\"disabled\":false,\"panel\":\"\"}]}}","comments":"{}","position":"{}","filters":[],"order":[],"cbv":{}},{"panelId":"2","panelLabel":"Pie Chart of Locale","view":"visualization","viewOptions":"{\"type\":\"echarts\"}","viewOptionsMap":"{\"federate-view\":{\"app_id\":\"ec40eeae-0a36-4263-93b8-9098b033eff1\"},\"visualization\":{\"type\":\"echarts\"}}","config":"{\"type\":\"STANDARD\",\"opacity\":100.0}","ornaments":"{\"tools\":{\"shared\":{\"colorName\":\"Eight\",\"backgroundColor\":\"#FFFFFF\",\"color\":{\"Rural\":\"#660066\",\"Suburb\":\"#F7E967\",\"Town\":\"#B3CF8B\",\"City\":\"#F1433F\"},\"toggleDonut\":true}}}","events":"{\"onSingleClick\":{\"Unfilter\":[{\"disabledVisuals\":[\"Grid\",\"Sunburst\"],\"default\":true,\"query\":\"UnfilterFrame(<SelectedColumn>);\",\"options\":{},\"refresh\":false,\"disabled\":false,\"panel\":\"\"}]},\"onBrush\":{\"Filter\":[{\"default\":true,\"query\":\"if(IsEmpty(<SelectedValues>), UnfilterFrame(<SelectedColumn>), SetFrameFilter(<SelectedColumn>==<SelectedValues>));\",\"options\":{},\"refresh\":false,\"disabled\":false,\"panel\":\"\"}]},\"onDoubleClick\":{\"filter\":[{\"disabledVisuals\":[],\"query\":\"SetFrameFilter(<SelectedColumn>==<SelectedValues>);\",\"options\":{},\"refresh\":true,\"panel\":\"\"}]}}","comments":"{}","position":"{}","filters":[],"order":[],"cbv":{}},{"panelId":"3","panelLabel":"Column Chart of Tuition","view":"visualization","viewOptions":"{\"type\":\"echarts\"}","viewOptionsMap":"{\"federate-view\":{\"app_id\":\"ec40eeae-0a36-4263-93b8-9098b033eff1\"},\"visualization\":{\"type\":\"echarts\"}}","config":"{\"type\":\"STANDARD\",\"opacity\":100.0}","ornaments":"{\"tools\":{\"shared\":{\"colorName\":\"Eight\",\"backgroundColor\":\"#FFFFFF\",\"color\":{\"AverageofOut of state Tuition\":\"#660066\",\"AverageofIn state Tuition\":\"#F1433F\"}}}}","events":"{\"onSingleClick\":{\"Unfilter\":[{\"disabledVisuals\":[\"Grid\",\"Sunburst\"],\"default\":true,\"query\":\"UnfilterFrame(<SelectedColumn>);\",\"options\":{},\"refresh\":false,\"disabled\":false,\"panel\":\"\"}]},\"onBrush\":{\"Filter\":[{\"default\":true,\"query\":\"if(IsEmpty(<SelectedValues>), UnfilterFrame(<SelectedColumn>), SetFrameFilter(<SelectedColumn>==<SelectedValues>));\",\"options\":{},\"refresh\":false,\"disabled\":false,\"panel\":\"\"}]}}","comments":"{}","position":"{}","filters":[],"order":[],"cbv":{}},{"panelId":"4","panelLabel":"State_1 Filter","view":"DashboardFilter","viewOptions":null,"viewOptionsMap":"{\"federate-view\":{\"app_id\":\"ec40eeae-0a36-4263-93b8-9098b033eff1\"},\"visualization\":{\"type\":\"echarts\"}}","config":"{\"type\":\"COLLAPSIBLE\",\"opacity\":100,\"subType\":\"\"}","ornaments":"{\"tools\":{\"shared\":{\"colorName\":\"Eight\",\"backgroundColor\":\"#FFFFFF\",\"color\":{\"AverageofOut of state Tuition\":\"#660066\",\"AverageofIn state Tuition\":\"#F1433F\"}}},\"dashboardFilter\":{\"instances\":[\"State_1\"],\"viewType\":\"List\",\"singleSelect\":\"Multi Select\"}}","events":"{\"onSingleClick\":{\"Unfilter\":[{\"disabledVisuals\":[\"Grid\",\"Sunburst\"],\"default\":true,\"query\":\"UnfilterFrame(<SelectedColumn>);\",\"options\":{},\"refresh\":false,\"disabled\":false,\"panel\":\"\"}]},\"onBrush\":{\"Filter\":[{\"default\":true,\"query\":\"if(IsEmpty(<SelectedValues>), UnfilterFrame(<SelectedColumn>), SetFrameFilter(<SelectedColumn>==<SelectedValues>));\",\"options\":{},\"refresh\":false,\"disabled\":false,\"panel\":\"\"}]}}","comments":"{}","position":"{}","filters":[],"order":[],"cbv":{}},{"panelId":"5","panelLabel":"Undergrad_Enrollment Filter","view":"DashboardFilter","viewOptions":null,"viewOptionsMap":"{\"federate-view\":{\"app_id\":\"ec40eeae-0a36-4263-93b8-9098b033eff1\"},\"visualization\":{\"type\":\"echarts\"}}","config":"{\"subType\":\"\",\"type\":\"COLLAPSIBLE\",\"opacity\":100}","ornaments":"{\"tools\":{\"shared\":{\"colorName\":\"Eight\",\"backgroundColor\":\"#FFFFFF\",\"color\":{\"AverageofOut of state Tuition\":\"#660066\",\"AverageofIn state Tuition\":\"#F1433F\"}}},\"dashboardFilter\":{\"instances\":[\"Undergrad_Enrollment\"],\"viewType\":\"List\",\"singleSelect\":\"Multi Select\"}}","events":"{\"onSingleClick\":{\"Unfilter\":[{\"disabledVisuals\":[\"Grid\",\"Sunburst\"],\"default\":true,\"query\":\"UnfilterFrame(<SelectedColumn>);\",\"options\":{},\"refresh\":false,\"disabled\":false,\"panel\":\"\"}]},\"onBrush\":{\"Filter\":[{\"default\":true,\"query\":\"if(IsEmpty(<SelectedValues>), UnfilterFrame(<SelectedColumn>), SetFrameFilter(<SelectedColumn>==<SelectedValues>));\",\"options\":{},\"refresh\":false,\"disabled\":false,\"panel\":\"\"}]}}","comments":"{}","position":"{}","filters":[],"order":[],"cbv":{}},{"panelId":"6","panelLabel":"Adm_Rate Filter","view":"DashboardFilter","viewOptions":null,"viewOptionsMap":"{\"federate-view\":{\"app_id\":\"ec40eeae-0a36-4263-93b8-9098b033eff1\"},\"visualization\":{\"type\":\"echarts\"}}","config":"{\"subType\":\"\",\"type\":\"COLLAPSIBLE\",\"opacity\":100}","ornaments":"{\"tools\":{\"shared\":{\"colorName\":\"Eight\",\"backgroundColor\":\"#FFFFFF\",\"color\":{\"AverageofOut of state Tuition\":\"#660066\",\"AverageofIn state Tuition\":\"#F1433F\"}}},\"dashboardFilter\":{\"instances\":[\"Adm_Rate\"],\"viewType\":\"List\",\"singleSelect\":\"Multi Select\"}}","events":"{\"onSingleClick\":{\"Unfilter\":[{\"disabledVisuals\":[\"Grid\",\"Sunburst\"],\"default\":true,\"query\":\"UnfilterFrame(<SelectedColumn>);\",\"options\":{},\"refresh\":false,\"disabled\":false,\"panel\":\"\"}]},\"onBrush\":{\"Filter\":[{\"default\":true,\"query\":\"if(IsEmpty(<SelectedValues>), UnfilterFrame(<SelectedColumn>), SetFrameFilter(<SelectedColumn>==<SelectedValues>));\",\"options\":{},\"refresh\":false,\"disabled\":false,\"panel\":\"\"}]}}","comments":"{}","position":"{}","filters":[],"order":[],"cbv":{}}],"tasks":{"tasks":[{"type":"basic","task":{"taskType":"basic","id":"task1","numCollected":500,"internalOffset":0,"taskOptions":"{\"options\":{\"0\":{\"layout\":\"Grid\",\"alignment\":{\"label\":[\"ACT_CUM_75\",\"Adm_Rate\",\"Avg_Cost_Academic_Year\",\"Avg_Cost_Program_Year\",\"Avg_Fac_Sal\",\"City\",\"City_State\",\"COLLEGE\",\"Compl_Repay_1yr_Rate\",\"Compl_Repay_7yr_Rate\",\"CompletionRate_150_4\",\"CompletionRate_150_L4\",\"Control\",\"Highest_Deg\",\"In_state_Tuition\",\"Institution_Name\",\"Lat\",\"Level_of_institution\",\"Locale\",\"Long_1\",\"Low_Inc_Aid\",\"Main_Campus\",\"Noncom_Repay_1yr_Rate\",\"Noncom_Repay_7yr_Rate\",\"Out_of_state_Tuition\",\"Parent_Ed_HS\",\"Parent_Ed_MS\",\"Parent_Ed_PS\",\"Percent_2OrMore\",\"Percent_AIAN\",\"Percent_Asian\",\"Percent_Black\",\"Percent_Female\",\"Percent_First_Gen\",\"Percent_Full_time_Fac\",\"Percent_Hisp\",\"Percent_Male\",\"Percent_NHPI\",\"Percent_NRA\",\"Percent_Part_time\",\"Percent_UNKN\",\"Percent_Veterans\",\"Percent_White\",\"Predominant_Ugrad_Deg\",\"Religious_Affiliation\",\"RetentionRate_FT4\",\"RetentionRate_FTL4\",\"RetentionRate_PT4\",\"RetentionRate_PTL4\",\"SAT_M_75\",\"SAT_R_75\",\"SAT_W_75\",\"State_1\",\"TIV_Approval_Date\",\"Top3Majors\",\"Undergrad_Enrollment\",\"URL\",\"Zip\"]}}}}","qs":{"qsType":"FRAME","isDistinct":true,"overrideImplicit":false,"limit":500,"offset":0,"relations":"[]","selectors":[{"type":"COLUMN","content":{"table":"FRAME162315","column":"ACT_CUM_75","alias":"ACT_CUM_75","tableAlias":null}},{"type":"COLUMN","content":{"table":"FRAME162315","column":"Adm_Rate","alias":"Adm_Rate","tableAlias":null}},{"type":"COLUMN","content":{"table":"FRAME162315","column":"Avg_Cost_Academic_Year","alias":"Avg_Cost_Academic_Year","tableAlias":null}},{"type":"COLUMN","content":{"table":"FRAME162315","column":"Avg_Cost_Program_Year","alias":"Avg_Cost_Program_Year","tableAlias":null}},{"type":"COLUMN","content":{"table":"FRAME162315","column":"Avg_Fac_Sal","alias":"Avg_Fac_Sal","tableAlias":null}},{"type":"COLUMN","content":{"table":"FRAME162315","column":"City","alias":"City","tableAlias":null}},{"type":"COLUMN","content":{"table":"FRAME162315","column":"City_State","alias":"City_State","tableAlias":null}},{"type":"COLUMN","content":{"table":"FRAME162315","column":"COLLEGE","alias":"COLLEGE","tableAlias":null}},{"type":"COLUMN","content":{"table":"FRAME162315","column":"Compl_Repay_1yr_Rate","alias":"Compl_Repay_1yr_Rate","tableAlias":null}},{"type":"COLUMN","content":{"table":"FRAME162315","column":"Compl_Repay_7yr_Rate","alias":"Compl_Repay_7yr_Rate","tableAlias":null}},{"type":"COLUMN","content":{"table":"FRAME162315","column":"CompletionRate_150_4","alias":"CompletionRate_150_4","tableAlias":null}},{"type":"COLUMN","content":{"table":"FRAME162315","column":"CompletionRate_150_L4","alias":"CompletionRate_150_L4","tableAlias":null}},{"type":"COLUMN","content":{"table":"FRAME162315","column":"Control","alias":"Control","tableAlias":null}},{"type":"COLUMN","content":{"table":"FRAME162315","column":"Highest_Deg","alias":"Highest_Deg","tableAlias":null}},{"type":"COLUMN","content":{"table":"FRAME162315","column":"In_state_Tuition","alias":"In_state_Tuition","tableAlias":null}},{"type":"COLUMN","content":{"table":"FRAME162315","column":"Institution_Name","alias":"Institution_Name","tableAlias":null}},{"type":"COLUMN","content":{"table":"FRAME162315","column":"Lat","alias":"Lat","tableAlias":null}},{"type":"COLUMN","content":{"table":"FRAME162315","column":"Level_of_institution","alias":"Level_of_institution","tableAlias":null}},{"type":"COLUMN","content":{"table":"FRAME162315","column":"Locale","alias":"Locale","tableAlias":null}},{"type":"COLUMN","content":{"table":"FRAME162315","column":"Long_1","alias":"Long_1","tableAlias":null}},{"type":"COLUMN","content":{"table":"FRAME162315","column":"Low_Inc_Aid","alias":"Low_Inc_Aid","tableAlias":null}},{"type":"COLUMN","content":{"table":"FRAME162315","column":"Main_Campus","alias":"Main_Campus","tableAlias":null}},{"type":"COLUMN","content":{"table":"FRAME162315","column":"Noncom_Repay_1yr_Rate","alias":"Noncom_Repay_1yr_Rate","tableAlias":null}},{"type":"COLUMN","content":{"table":"FRAME162315","column":"Noncom_Repay_7yr_Rate","alias":"Noncom_Repay_7yr_Rate","tableAlias":null}},{"type":"COLUMN","content":{"table":"FRAME162315","column":"Out_of_state_Tuition","alias":"Out_of_state_Tuition","tableAlias":null}},{"type":"COLUMN","content":{"table":"FRAME162315","column":"Parent_Ed_HS","alias":"Parent_Ed_HS","tableAlias":null}},{"type":"COLUMN","content":{"table":"FRAME162315","column":"Parent_Ed_MS","alias":"Parent_Ed_MS","tableAlias":null}},{"type":"COLUMN","content":{"table":"FRAME162315","column":"Parent_Ed_PS","alias":"Parent_Ed_PS","tableAlias":null}},{"type":"COLUMN","content":{"table":"FRAME162315","column":"Percent_2OrMore","alias":"Percent_2OrMore","tableAlias":null}},{"type":"COLUMN","content":{"table":"FRAME162315","column":"Percent_AIAN","alias":"Percent_AIAN","tableAlias":null}},{"type":"COLUMN","content":{"table":"FRAME162315","column":"Percent_Asian","alias":"Percent_Asian","tableAlias":null}},{"type":"COLUMN","content":{"table":"FRAME162315","column":"Percent_Black","alias":"Percent_Black","tableAlias":null}},{"type":"COLUMN","content":{"table":"FRAME162315","column":"Percent_Female","alias":"Percent_Female","tableAlias":null}},{"type":"COLUMN","content":{"table":"FRAME162315","column":"Percent_First_Gen","alias":"Percent_First_Gen","tableAlias":null}},{"type":"COLUMN","content":{"table":"FRAME162315","column":"Percent_Full_time_Fac","alias":"Percent_Full_time_Fac","tableAlias":null}},{"type":"COLUMN","content":{"table":"FRAME162315","column":"Percent_Hisp","alias":"Percent_Hisp","tableAlias":null}},{"type":"COLUMN","content":{"table":"FRAME162315","column":"Percent_Male","alias":"Percent_Male","tableAlias":null}},{"type":"COLUMN","content":{"table":"FRAME162315","column":"Percent_NHPI","alias":"Percent_NHPI","tableAlias":null}},{"type":"COLUMN","content":{"table":"FRAME162315","column":"Percent_NRA","alias":"Percent_NRA","tableAlias":null}},{"type":"COLUMN","content":{"table":"FRAME162315","column":"Percent_Part_time","alias":"Percent_Part_time","tableAlias":null}},{"type":"COLUMN","content":{"table":"FRAME162315","column":"Percent_UNKN","alias":"Percent_UNKN","tableAlias":null}},{"type":"COLUMN","content":{"table":"FRAME162315","column":"Percent_Veterans","alias":"Percent_Veterans","tableAlias":null}},{"type":"COLUMN","content":{"table":"FRAME162315","column":"Percent_White","alias":"Percent_White","tableAlias":null}},{"type":"COLUMN","content":{"table":"FRAME162315","column":"Predominant_Ugrad_Deg","alias":"Predominant_Ugrad_Deg","tableAlias":null}},{"type":"COLUMN","content":{"table":"FRAME162315","column":"Religious_Affiliation","alias":"Religious_Affiliation","tableAlias":null}},{"type":"COLUMN","content":{"table":"FRAME162315","column":"RetentionRate_FT4","alias":"RetentionRate_FT4","tableAlias":null}},{"type":"COLUMN","content":{"table":"FRAME162315","column":"RetentionRate_FTL4","alias":"RetentionRate_FTL4","tableAlias":null}},{"type":"COLUMN","content":{"table":"FRAME162315","column":"RetentionRate_PT4","alias":"RetentionRate_PT4","tableAlias":null}},{"type":"COLUMN","content":{"table":"FRAME162315","column":"RetentionRate_PTL4","alias":"RetentionRate_PTL4","tableAlias":null}},{"type":"COLUMN","content":{"table":"FRAME162315","column":"SAT_M_75","alias":"SAT_M_75","tableAlias":null}},{"type":"COLUMN","content":{"table":"FRAME162315","column":"SAT_R_75","alias":"SAT_R_75","tableAlias":null}},{"type":"COLUMN","content":{"table":"FRAME162315","column":"SAT_W_75","alias":"SAT_W_75","tableAlias":null}},{"type":"COLUMN","content":{"table":"FRAME162315","column":"State_1","alias":"State_1","tableAlias":null}},{"type":"COLUMN","content":{"table":"FRAME162315","column":"TIV_Approval_Date","alias":"TIV_Approval_Date","tableAlias":null}},{"type":"COLUMN","content":{"table":"FRAME162315","column":"Top3Majors","alias":"Top3Majors","tableAlias":null}},{"type":"COLUMN","content":{"table":"FRAME162315","column":"Undergrad_Enrollment","alias":"Undergrad_Enrollment","tableAlias":null}},{"type":"COLUMN","content":{"table":"FRAME162315","column":"URL","alias":"URL","tableAlias":null}},{"type":"COLUMN","content":{"table":"FRAME162315","column":"Zip","alias":"Zip","tableAlias":null}}]}}},{"type":"basic","task":{"taskType":"basic","id":"task3","numCollected":500,"internalOffset":0,"taskOptions":"{\"options\":{\"0\":{\"layout\":\"Grid\",\"alignment\":{\"label\":[\"ACT_CUM_75\",\"Adm_Rate\",\"Avg_Cost_Academic_Year\",\"Avg_Cost_Program_Year\",\"Avg_Fac_Sal\",\"City\",\"City_State\",\"COLLEGE\",\"Compl_Repay_1yr_Rate\",\"Compl_Repay_7yr_Rate\",\"CompletionRate_150_4\",\"CompletionRate_150_L4\",\"Control\",\"Highest_Deg\",\"In_state_Tuition\",\"Institution_Name\",\"Lat\",\"Level_of_institution\",\"Locale\",\"Long_1\",\"Low_Inc_Aid\",\"Main_Campus\",\"Noncom_Repay_1yr_Rate\",\"Noncom_Repay_7yr_Rate\",\"Out_of_state_Tuition\",\"Parent_Ed_HS\",\"Parent_Ed_MS\",\"Parent_Ed_PS\",\"Percent_2OrMore\",\"Percent_AIAN\",\"Percent_Asian\",\"Percent_Black\",\"Percent_Female\",\"Percent_First_Gen\",\"Percent_Full_time_Fac\",\"Percent_Hisp\",\"Percent_Male\",\"Percent_NHPI\",\"Percent_NRA\",\"Percent_Part_time\",\"Percent_UNKN\",\"Percent_Veterans\",\"Percent_White\",\"Predominant_Ugrad_Deg\",\"Religious_Affiliation\",\"RetentionRate_FT4\",\"RetentionRate_FTL4\",\"RetentionRate_PT4\",\"RetentionRate_PTL4\",\"SAT_M_75\",\"SAT_R_75\",\"SAT_Range\",\"SAT_W_75\",\"State_1\",\"TIV_Approval_Date\",\"Top3Majors\",\"Undergrad_Enrollment\",\"URL\",\"Zip\"]}}}}","qs":{"qsType":"FRAME","isDistinct":true,"overrideImplicit":false,"limit":500,"offset":0,"relations":"[]","selectors":[{"type":"COLUMN","content":{"table":"FRAME162315","column":"ACT_CUM_75","alias":"ACT_CUM_75","tableAlias":null}},{"type":"COLUMN","content":{"table":"FRAME162315","column":"Adm_Rate","alias":"Adm_Rate","tableAlias":null}},{"type":"COLUMN","content":{"table":"FRAME162315","column":"Avg_Cost_Academic_Year","alias":"Avg_Cost_Academic_Year","tableAlias":null}},{"type":"COLUMN","content":{"table":"FRAME162315","column":"Avg_Cost_Program_Year","alias":"Avg_Cost_Program_Year","tableAlias":null}},{"type":"COLUMN","content":{"table":"FRAME162315","column":"Avg_Fac_Sal","alias":"Avg_Fac_Sal","tableAlias":null}},{"type":"COLUMN","content":{"table":"FRAME162315","column":"City","alias":"City","tableAlias":null}},{"type":"COLUMN","content":{"table":"FRAME162315","column":"City_State","alias":"City_State","tableAlias":null}},{"type":"COLUMN","content":{"table":"FRAME162315","column":"COLLEGE","alias":"COLLEGE","tableAlias":null}},{"type":"COLUMN","content":{"table":"FRAME162315","column":"Compl_Repay_1yr_Rate","alias":"Compl_Repay_1yr_Rate","tableAlias":null}},{"type":"COLUMN","content":{"table":"FRAME162315","column":"Compl_Repay_7yr_Rate","alias":"Compl_Repay_7yr_Rate","tableAlias":null}},{"type":"COLUMN","content":{"table":"FRAME162315","column":"CompletionRate_150_4","alias":"CompletionRate_150_4","tableAlias":null}},{"type":"COLUMN","content":{"table":"FRAME162315","column":"CompletionRate_150_L4","alias":"CompletionRate_150_L4","tableAlias":null}},{"type":"COLUMN","content":{"table":"FRAME162315","column":"Control","alias":"Control","tableAlias":null}},{"type":"COLUMN","content":{"table":"FRAME162315","column":"Highest_Deg","alias":"Highest_Deg","tableAlias":null}},{"type":"COLUMN","content":{"table":"FRAME162315","column":"In_state_Tuition","alias":"In_state_Tuition","tableAlias":null}},{"type":"COLUMN","content":{"table":"FRAME162315","column":"Institution_Name","alias":"Institution_Name","tableAlias":null}},{"type":"COLUMN","content":{"table":"FRAME162315","column":"Lat","alias":"Lat","tableAlias":null}},{"type":"COLUMN","content":{"table":"FRAME162315","column":"Level_of_institution","alias":"Level_of_institution","tableAlias":null}},{"type":"COLUMN","content":{"table":"FRAME162315","column":"Locale","alias":"Locale","tableAlias":null}},{"type":"COLUMN","content":{"table":"FRAME162315","column":"Long_1","alias":"Long_1","tableAlias":null}},{"type":"COLUMN","content":{"table":"FRAME162315","column":"Low_Inc_Aid","alias":"Low_Inc_Aid","tableAlias":null}},{"type":"COLUMN","content":{"table":"FRAME162315","column":"Main_Campus","alias":"Main_Campus","tableAlias":null}},{"type":"COLUMN","content":{"table":"FRAME162315","column":"Noncom_Repay_1yr_Rate","alias":"Noncom_Repay_1yr_Rate","tableAlias":null}},{"type":"COLUMN","content":{"table":"FRAME162315","column":"Noncom_Repay_7yr_Rate","alias":"Noncom_Repay_7yr_Rate","tableAlias":null}},{"type":"COLUMN","content":{"table":"FRAME162315","column":"Out_of_state_Tuition","alias":"Out_of_state_Tuition","tableAlias":null}},{"type":"COLUMN","content":{"table":"FRAME162315","column":"Parent_Ed_HS","alias":"Parent_Ed_HS","tableAlias":null}},{"type":"COLUMN","content":{"table":"FRAME162315","column":"Parent_Ed_MS","alias":"Parent_Ed_MS","tableAlias":null}},{"type":"COLUMN","content":{"table":"FRAME162315","column":"Parent_Ed_PS","alias":"Parent_Ed_PS","tableAlias":null}},{"type":"COLUMN","content":{"table":"FRAME162315","column":"Percent_2OrMore","alias":"Percent_2OrMore","tableAlias":null}},{"type":"COLUMN","content":{"table":"FRAME162315","column":"Percent_AIAN","alias":"Percent_AIAN","tableAlias":null}},{"type":"COLUMN","content":{"table":"FRAME162315","column":"Percent_Asian","alias":"Percent_Asian","tableAlias":null}},{"type":"COLUMN","content":{"table":"FRAME162315","column":"Percent_Black","alias":"Percent_Black","tableAlias":null}},{"type":"COLUMN","content":{"table":"FRAME162315","column":"Percent_Female","alias":"Percent_Female","tableAlias":null}},{"type":"COLUMN","content":{"table":"FRAME162315","column":"Percent_First_Gen","alias":"Percent_First_Gen","tableAlias":null}},{"type":"COLUMN","content":{"table":"FRAME162315","column":"Percent_Full_time_Fac","alias":"Percent_Full_time_Fac","tableAlias":null}},{"type":"COLUMN","content":{"table":"FRAME162315","column":"Percent_Hisp","alias":"Percent_Hisp","tableAlias":null}},{"type":"COLUMN","content":{"table":"FRAME162315","column":"Percent_Male","alias":"Percent_Male","tableAlias":null}},{"type":"COLUMN","content":{"table":"FRAME162315","column":"Percent_NHPI","alias":"Percent_NHPI","tableAlias":null}},{"type":"COLUMN","content":{"table":"FRAME162315","column":"Percent_NRA","alias":"Percent_NRA","tableAlias":null}},{"type":"COLUMN","content":{"table":"FRAME162315","column":"Percent_Part_time","alias":"Percent_Part_time","tableAlias":null}},{"type":"COLUMN","content":{"table":"FRAME162315","column":"Percent_UNKN","alias":"Percent_UNKN","tableAlias":null}},{"type":"COLUMN","content":{"table":"FRAME162315","column":"Percent_Veterans","alias":"Percent_Veterans","tableAlias":null}},{"type":"COLUMN","content":{"table":"FRAME162315","column":"Percent_White","alias":"Percent_White","tableAlias":null}},{"type":"COLUMN","content":{"table":"FRAME162315","column":"Predominant_Ugrad_Deg","alias":"Predominant_Ugrad_Deg","tableAlias":null}},{"type":"COLUMN","content":{"table":"FRAME162315","column":"Religious_Affiliation","alias":"Religious_Affiliation","tableAlias":null}},{"type":"COLUMN","content":{"table":"FRAME162315","column":"RetentionRate_FT4","alias":"RetentionRate_FT4","tableAlias":null}},{"type":"COLUMN","content":{"table":"FRAME162315","column":"RetentionRate_FTL4","alias":"RetentionRate_FTL4","tableAlias":null}},{"type":"COLUMN","content":{"table":"FRAME162315","column":"RetentionRate_PT4","alias":"RetentionRate_PT4","tableAlias":null}},{"type":"COLUMN","content":{"table":"FRAME162315","column":"RetentionRate_PTL4","alias":"RetentionRate_PTL4","tableAlias":null}},{"type":"COLUMN","content":{"table":"FRAME162315","column":"SAT_M_75","alias":"SAT_M_75","tableAlias":null}},{"type":"COLUMN","content":{"table":"FRAME162315","column":"SAT_R_75","alias":"SAT_R_75","tableAlias":null}},{"type":"COLUMN","content":{"table":"FRAME162315","column":"SAT_Range","alias":"SAT_Range","tableAlias":null}},{"type":"COLUMN","content":{"table":"FRAME162315","column":"SAT_W_75","alias":"SAT_W_75","tableAlias":null}},{"type":"COLUMN","content":{"table":"FRAME162315","column":"State_1","alias":"State_1","tableAlias":null}},{"type":"COLUMN","content":{"table":"FRAME162315","column":"TIV_Approval_Date","alias":"TIV_Approval_Date","tableAlias":null}},{"type":"COLUMN","content":{"table":"FRAME162315","column":"Top3Majors","alias":"Top3Majors","tableAlias":null}},{"type":"COLUMN","content":{"table":"FRAME162315","column":"Undergrad_Enrollment","alias":"Undergrad_Enrollment","tableAlias":null}},{"type":"COLUMN","content":{"table":"FRAME162315","column":"URL","alias":"URL","tableAlias":null}},{"type":"COLUMN","content":{"table":"FRAME162315","column":"Zip","alias":"Zip","tableAlias":null}}]}}},{"type":"basic","task":{"taskType":"basic","id":"task5","numCollected":500,"internalOffset":0,"taskOptions":"{\"options\":{\"0\":{\"layout\":\"Grid\",\"alignment\":{\"label\":[\"ACT_CUM_75\",\"Adm_Rate\",\"Avg_Cost_Academic_Year\",\"Avg_Cost_Program_Year\",\"Avg_Fac_Sal\",\"City\",\"City_State\",\"COLLEGE\",\"Compl_Repay_1yr_Rate\",\"Compl_Repay_7yr_Rate\",\"CompletionRate_150_4\",\"CompletionRate_150_L4\",\"Control\",\"Highest_Deg\",\"In_state_Tuition\",\"Institution_Name\",\"Lat\",\"Level_of_institution\",\"Locale\",\"Long_1\",\"Low_Inc_Aid\",\"Main_Campus\",\"Noncom_Repay_1yr_Rate\",\"Noncom_Repay_7yr_Rate\",\"Out_of_state_Tuition\",\"Parent_Ed_HS\",\"Parent_Ed_MS\",\"Parent_Ed_PS\",\"Percent_2OrMore\",\"Percent_AIAN\",\"Percent_Asian\",\"Percent_Black\",\"Percent_Female\",\"Percent_First_Gen\",\"Percent_Full_time_Fac\",\"Percent_Hisp\",\"Percent_Male\",\"Percent_NHPI\",\"Percent_NRA\",\"Percent_Part_time\",\"Percent_UNKN\",\"Percent_Veterans\",\"Percent_White\",\"Predominant_Ugrad_Deg\",\"Religious_Affiliation\",\"RetentionRate_FT4\",\"RetentionRate_FTL4\",\"RetentionRate_PT4\",\"RetentionRate_PTL4\",\"SAT_M_75\",\"SAT_R_75\",\"SAT_Range\",\"SAT_W_75\",\"State_1\",\"TIV_Approval_Date\",\"Top3Majors\",\"Undergrad_Enrollment\",\"URL\",\"Zip\"]}}}}","qs":{"qsType":"FRAME","isDistinct":true,"overrideImplicit":false,"limit":500,"offset":0,"relations":"[]","selectors":[{"type":"COLUMN","content":{"table":"FRAME162315","column":"ACT_CUM_75","alias":"ACT_CUM_75","tableAlias":null}},{"type":"COLUMN","content":{"table":"FRAME162315","column":"Adm_Rate","alias":"Adm_Rate","tableAlias":null}},{"type":"COLUMN","content":{"table":"FRAME162315","column":"Avg_Cost_Academic_Year","alias":"Avg_Cost_Academic_Year","tableAlias":null}},{"type":"COLUMN","content":{"table":"FRAME162315","column":"Avg_Cost_Program_Year","alias":"Avg_Cost_Program_Year","tableAlias":null}},{"type":"COLUMN","content":{"table":"FRAME162315","column":"Avg_Fac_Sal","alias":"Avg_Fac_Sal","tableAlias":null}},{"type":"COLUMN","content":{"table":"FRAME162315","column":"City","alias":"City","tableAlias":null}},{"type":"COLUMN","content":{"table":"FRAME162315","column":"City_State","alias":"City_State","tableAlias":null}},{"type":"COLUMN","content":{"table":"FRAME162315","column":"COLLEGE","alias":"COLLEGE","tableAlias":null}},{"type":"COLUMN","content":{"table":"FRAME162315","column":"Compl_Repay_1yr_Rate","alias":"Compl_Repay_1yr_Rate","tableAlias":null}},{"type":"COLUMN","content":{"table":"FRAME162315","column":"Compl_Repay_7yr_Rate","alias":"Compl_Repay_7yr_Rate","tableAlias":null}},{"type":"COLUMN","content":{"table":"FRAME162315","column":"CompletionRate_150_4","alias":"CompletionRate_150_4","tableAlias":null}},{"type":"COLUMN","content":{"table":"FRAME162315","column":"CompletionRate_150_L4","alias":"CompletionRate_150_L4","tableAlias":null}},{"type":"COLUMN","content":{"table":"FRAME162315","column":"Control","alias":"Control","tableAlias":null}},{"type":"COLUMN","content":{"table":"FRAME162315","column":"Highest_Deg","alias":"Highest_Deg","tableAlias":null}},{"type":"COLUMN","content":{"table":"FRAME162315","column":"In_state_Tuition","alias":"In_state_Tuition","tableAlias":null}},{"type":"COLUMN","content":{"table":"FRAME162315","column":"Institution_Name","alias":"Institution_Name","tableAlias":null}},{"type":"COLUMN","content":{"table":"FRAME162315","column":"Lat","alias":"Lat","tableAlias":null}},{"type":"COLUMN","content":{"table":"FRAME162315","column":"Level_of_institution","alias":"Level_of_institution","tableAlias":null}},{"type":"COLUMN","content":{"table":"FRAME162315","column":"Locale","alias":"Locale","tableAlias":null}},{"type":"COLUMN","content":{"table":"FRAME162315","column":"Long_1","alias":"Long_1","tableAlias":null}},{"type":"COLUMN","content":{"table":"FRAME162315","column":"Low_Inc_Aid","alias":"Low_Inc_Aid","tableAlias":null}},{"type":"COLUMN","content":{"table":"FRAME162315","column":"Main_Campus","alias":"Main_Campus","tableAlias":null}},{"type":"COLUMN","content":{"table":"FRAME162315","column":"Noncom_Repay_1yr_Rate","alias":"Noncom_Repay_1yr_Rate","tableAlias":null}},{"type":"COLUMN","content":{"table":"FRAME162315","column":"Noncom_Repay_7yr_Rate","alias":"Noncom_Repay_7yr_Rate","tableAlias":null}},{"type":"COLUMN","content":{"table":"FRAME162315","column":"Out_of_state_Tuition","alias":"Out_of_state_Tuition","tableAlias":null}},{"type":"COLUMN","content":{"table":"FRAME162315","column":"Parent_Ed_HS","alias":"Parent_Ed_HS","tableAlias":null}},{"type":"COLUMN","content":{"table":"FRAME162315","column":"Parent_Ed_MS","alias":"Parent_Ed_MS","tableAlias":null}},{"type":"COLUMN","content":{"table":"FRAME162315","column":"Parent_Ed_PS","alias":"Parent_Ed_PS","tableAlias":null}},{"type":"COLUMN","content":{"table":"FRAME162315","column":"Percent_2OrMore","alias":"Percent_2OrMore","tableAlias":null}},{"type":"COLUMN","content":{"table":"FRAME162315","column":"Percent_AIAN","alias":"Percent_AIAN","tableAlias":null}},{"type":"COLUMN","content":{"table":"FRAME162315","column":"Percent_Asian","alias":"Percent_Asian","tableAlias":null}},{"type":"COLUMN","content":{"table":"FRAME162315","column":"Percent_Black","alias":"Percent_Black","tableAlias":null}},{"type":"COLUMN","content":{"table":"FRAME162315","column":"Percent_Female","alias":"Percent_Female","tableAlias":null}},{"type":"COLUMN","content":{"table":"FRAME162315","column":"Percent_First_Gen","alias":"Percent_First_Gen","tableAlias":null}},{"type":"COLUMN","content":{"table":"FRAME162315","column":"Percent_Full_time_Fac","alias":"Percent_Full_time_Fac","tableAlias":null}},{"type":"COLUMN","content":{"table":"FRAME162315","column":"Percent_Hisp","alias":"Percent_Hisp","tableAlias":null}},{"type":"COLUMN","content":{"table":"FRAME162315","column":"Percent_Male","alias":"Percent_Male","tableAlias":null}},{"type":"COLUMN","content":{"table":"FRAME162315","column":"Percent_NHPI","alias":"Percent_NHPI","tableAlias":null}},{"type":"COLUMN","content":{"table":"FRAME162315","column":"Percent_NRA","alias":"Percent_NRA","tableAlias":null}},{"type":"COLUMN","content":{"table":"FRAME162315","column":"Percent_Part_time","alias":"Percent_Part_time","tableAlias":null}},{"type":"COLUMN","content":{"table":"FRAME162315","column":"Percent_UNKN","alias":"Percent_UNKN","tableAlias":null}},{"type":"COLUMN","content":{"table":"FRAME162315","column":"Percent_Veterans","alias":"Percent_Veterans","tableAlias":null}},{"type":"COLUMN","content":{"table":"FRAME162315","column":"Percent_White","alias":"Percent_White","tableAlias":null}},{"type":"COLUMN","content":{"table":"FRAME162315","column":"Predominant_Ugrad_Deg","alias":"Predominant_Ugrad_Deg","tableAlias":null}},{"type":"COLUMN","content":{"table":"FRAME162315","column":"Religious_Affiliation","alias":"Religious_Affiliation","tableAlias":null}},{"type":"COLUMN","content":{"table":"FRAME162315","column":"RetentionRate_FT4","alias":"RetentionRate_FT4","tableAlias":null}},{"type":"COLUMN","content":{"table":"FRAME162315","column":"RetentionRate_FTL4","alias":"RetentionRate_FTL4","tableAlias":null}},{"type":"COLUMN","content":{"table":"FRAME162315","column":"RetentionRate_PT4","alias":"RetentionRate_PT4","tableAlias":null}},{"type":"COLUMN","content":{"table":"FRAME162315","column":"RetentionRate_PTL4","alias":"RetentionRate_PTL4","tableAlias":null}},{"type":"COLUMN","content":{"table":"FRAME162315","column":"SAT_M_75","alias":"SAT_M_75","tableAlias":null}},{"type":"COLUMN","content":{"table":"FRAME162315","column":"SAT_R_75","alias":"SAT_R_75","tableAlias":null}},{"type":"COLUMN","content":{"table":"FRAME162315","column":"SAT_Range","alias":"SAT_Range","tableAlias":null}},{"type":"COLUMN","content":{"table":"FRAME162315","column":"SAT_W_75","alias":"SAT_W_75","tableAlias":null}},{"type":"COLUMN","content":{"table":"FRAME162315","column":"State_1","alias":"State_1","tableAlias":null}},{"type":"COLUMN","content":{"table":"FRAME162315","column":"TIV_Approval_Date","alias":"TIV_Approval_Date","tableAlias":null}},{"type":"COLUMN","content":{"table":"FRAME162315","column":"Top3Majors","alias":"Top3Majors","tableAlias":null}},{"type":"COLUMN","content":{"table":"FRAME162315","column":"Undergrad_Enrollment","alias":"Undergrad_Enrollment","tableAlias":null}},{"type":"COLUMN","content":{"table":"FRAME162315","column":"URL","alias":"URL","tableAlias":null}},{"type":"COLUMN","content":{"table":"FRAME162315","column":"Zip","alias":"Zip","tableAlias":null}}]}}},{"type":"basic","task":{"taskType":"basic","id":"task7","numCollected":500,"internalOffset":0,"taskOptions":"{\"options\":{\"0\":{\"layout\":\"Grid\",\"alignment\":{\"label\":[\"ACT_CUM_75\",\"Adm_Rate\",\"Avg_Cost_Academic_Year\",\"Avg_Cost_Program_Year\",\"Avg_Fac_Sal\",\"City\",\"City_State\",\"COLLEGE\",\"Compl_Repay_1yr_Rate\",\"Compl_Repay_7yr_Rate\",\"CompletionRate_150_4\",\"CompletionRate_150_L4\",\"Control\",\"Highest_Deg\",\"In_state_Tuition\",\"Institution_Name\",\"Lat\",\"Level_of_institution\",\"Locale\",\"Locale_1\",\"Locale_2\",\"Long_1\",\"Low_Inc_Aid\",\"Main_Campus\",\"Noncom_Repay_1yr_Rate\",\"Noncom_Repay_7yr_Rate\",\"Out_of_state_Tuition\",\"Parent_Ed_HS\",\"Parent_Ed_MS\",\"Parent_Ed_PS\",\"Percent_2OrMore\",\"Percent_AIAN\",\"Percent_Asian\",\"Percent_Black\",\"Percent_Female\",\"Percent_First_Gen\",\"Percent_Full_time_Fac\",\"Percent_Hisp\",\"Percent_Male\",\"Percent_NHPI\",\"Percent_NRA\",\"Percent_Part_time\",\"Percent_UNKN\",\"Percent_Veterans\",\"Percent_White\",\"Predominant_Ugrad_Deg\",\"Religious_Affiliation\",\"RetentionRate_FT4\",\"RetentionRate_FTL4\",\"RetentionRate_PT4\",\"RetentionRate_PTL4\",\"SAT_M_75\",\"SAT_R_75\",\"SAT_Range\",\"SAT_W_75\",\"State_1\",\"TIV_Approval_Date\",\"Top3Majors\",\"Undergrad_Enrollment\",\"URL\",\"Zip\"]}}}}","qs":{"qsType":"FRAME","isDistinct":true,"overrideImplicit":false,"limit":500,"offset":0,"relations":"[]","selectors":[{"type":"COLUMN","content":{"table":"FRAME162315","column":"ACT_CUM_75","alias":"ACT_CUM_75","tableAlias":null}},{"type":"COLUMN","content":{"table":"FRAME162315","column":"Adm_Rate","alias":"Adm_Rate","tableAlias":null}},{"type":"COLUMN","content":{"table":"FRAME162315","column":"Avg_Cost_Academic_Year","alias":"Avg_Cost_Academic_Year","tableAlias":null}},{"type":"COLUMN","content":{"table":"FRAME162315","column":"Avg_Cost_Program_Year","alias":"Avg_Cost_Program_Year","tableAlias":null}},{"type":"COLUMN","content":{"table":"FRAME162315","column":"Avg_Fac_Sal","alias":"Avg_Fac_Sal","tableAlias":null}},{"type":"COLUMN","content":{"table":"FRAME162315","column":"City","alias":"City","tableAlias":null}},{"type":"COLUMN","content":{"table":"FRAME162315","column":"City_State","alias":"City_State","tableAlias":null}},{"type":"COLUMN","content":{"table":"FRAME162315","column":"COLLEGE","alias":"COLLEGE","tableAlias":null}},{"type":"COLUMN","content":{"table":"FRAME162315","column":"Compl_Repay_1yr_Rate","alias":"Compl_Repay_1yr_Rate","tableAlias":null}},{"type":"COLUMN","content":{"table":"FRAME162315","column":"Compl_Repay_7yr_Rate","alias":"Compl_Repay_7yr_Rate","tableAlias":null}},{"type":"COLUMN","content":{"table":"FRAME162315","column":"CompletionRate_150_4","alias":"CompletionRate_150_4","tableAlias":null}},{"type":"COLUMN","content":{"table":"FRAME162315","column":"CompletionRate_150_L4","alias":"CompletionRate_150_L4","tableAlias":null}},{"type":"COLUMN","content":{"table":"FRAME162315","column":"Control","alias":"Control","tableAlias":null}},{"type":"COLUMN","content":{"table":"FRAME162315","column":"Highest_Deg","alias":"Highest_Deg","tableAlias":null}},{"type":"COLUMN","content":{"table":"FRAME162315","column":"In_state_Tuition","alias":"In_state_Tuition","tableAlias":null}},{"type":"COLUMN","content":{"table":"FRAME162315","column":"Institution_Name","alias":"Institution_Name","tableAlias":null}},{"type":"COLUMN","content":{"table":"FRAME162315","column":"Lat","alias":"Lat","tableAlias":null}},{"type":"COLUMN","content":{"table":"FRAME162315","column":"Level_of_institution","alias":"Level_of_institution","tableAlias":null}},{"type":"COLUMN","content":{"table":"FRAME162315","column":"Locale","alias":"Locale","tableAlias":null}},{"type":"COLUMN","content":{"table":"FRAME162315","column":"Locale_1","alias":"Locale_1","tableAlias":null}},{"type":"COLUMN","content":{"table":"FRAME162315","column":"Locale_2","alias":"Locale_2","tableAlias":null}},{"type":"COLUMN","content":{"table":"FRAME162315","column":"Long_1","alias":"Long_1","tableAlias":null}},{"type":"COLUMN","content":{"table":"FRAME162315","column":"Low_Inc_Aid","alias":"Low_Inc_Aid","tableAlias":null}},{"type":"COLUMN","content":{"table":"FRAME162315","column":"Main_Campus","alias":"Main_Campus","tableAlias":null}},{"type":"COLUMN","content":{"table":"FRAME162315","column":"Noncom_Repay_1yr_Rate","alias":"Noncom_Repay_1yr_Rate","tableAlias":null}},{"type":"COLUMN","content":{"table":"FRAME162315","column":"Noncom_Repay_7yr_Rate","alias":"Noncom_Repay_7yr_Rate","tableAlias":null}},{"type":"COLUMN","content":{"table":"FRAME162315","column":"Out_of_state_Tuition","alias":"Out_of_state_Tuition","tableAlias":null}},{"type":"COLUMN","content":{"table":"FRAME162315","column":"Parent_Ed_HS","alias":"Parent_Ed_HS","tableAlias":null}},{"type":"COLUMN","content":{"table":"FRAME162315","column":"Parent_Ed_MS","alias":"Parent_Ed_MS","tableAlias":null}},{"type":"COLUMN","content":{"table":"FRAME162315","column":"Parent_Ed_PS","alias":"Parent_Ed_PS","tableAlias":null}},{"type":"COLUMN","content":{"table":"FRAME162315","column":"Percent_2OrMore","alias":"Percent_2OrMore","tableAlias":null}},{"type":"COLUMN","content":{"table":"FRAME162315","column":"Percent_AIAN","alias":"Percent_AIAN","tableAlias":null}},{"type":"COLUMN","content":{"table":"FRAME162315","column":"Percent_Asian","alias":"Percent_Asian","tableAlias":null}},{"type":"COLUMN","content":{"table":"FRAME162315","column":"Percent_Black","alias":"Percent_Black","tableAlias":null}},{"type":"COLUMN","content":{"table":"FRAME162315","column":"Percent_Female","alias":"Percent_Female","tableAlias":null}},{"type":"COLUMN","content":{"table":"FRAME162315","column":"Percent_First_Gen","alias":"Percent_First_Gen","tableAlias":null}},{"type":"COLUMN","content":{"table":"FRAME162315","column":"Percent_Full_time_Fac","alias":"Percent_Full_time_Fac","tableAlias":null}},{"type":"COLUMN","content":{"table":"FRAME162315","column":"Percent_Hisp","alias":"Percent_Hisp","tableAlias":null}},{"type":"COLUMN","content":{"table":"FRAME162315","column":"Percent_Male","alias":"Percent_Male","tableAlias":null}},{"type":"COLUMN","content":{"table":"FRAME162315","column":"Percent_NHPI","alias":"Percent_NHPI","tableAlias":null}},{"type":"COLUMN","content":{"table":"FRAME162315","column":"Percent_NRA","alias":"Percent_NRA","tableAlias":null}},{"type":"COLUMN","content":{"table":"FRAME162315","column":"Percent_Part_time","alias":"Percent_Part_time","tableAlias":null}},{"type":"COLUMN","content":{"table":"FRAME162315","column":"Percent_UNKN","alias":"Percent_UNKN","tableAlias":null}},{"type":"COLUMN","content":{"table":"FRAME162315","column":"Percent_Veterans","alias":"Percent_Veterans","tableAlias":null}},{"type":"COLUMN","content":{"table":"FRAME162315","column":"Percent_White","alias":"Percent_White","tableAlias":null}},{"type":"COLUMN","content":{"table":"FRAME162315","column":"Predominant_Ugrad_Deg","alias":"Predominant_Ugrad_Deg","tableAlias":null}},{"type":"COLUMN","content":{"table":"FRAME162315","column":"Religious_Affiliation","alias":"Religious_Affiliation","tableAlias":null}},{"type":"COLUMN","content":{"table":"FRAME162315","column":"RetentionRate_FT4","alias":"RetentionRate_FT4","tableAlias":null}},{"type":"COLUMN","content":{"table":"FRAME162315","column":"RetentionRate_FTL4","alias":"RetentionRate_FTL4","tableAlias":null}},{"type":"COLUMN","content":{"table":"FRAME162315","column":"RetentionRate_PT4","alias":"RetentionRate_PT4","tableAlias":null}},{"type":"COLUMN","content":{"table":"FRAME162315","column":"RetentionRate_PTL4","alias":"RetentionRate_PTL4","tableAlias":null}},{"type":"COLUMN","content":{"table":"FRAME162315","column":"SAT_M_75","alias":"SAT_M_75","tableAlias":null}},{"type":"COLUMN","content":{"table":"FRAME162315","column":"SAT_R_75","alias":"SAT_R_75","tableAlias":null}},{"type":"COLUMN","content":{"table":"FRAME162315","column":"SAT_Range","alias":"SAT_Range","tableAlias":null}},{"type":"COLUMN","content":{"table":"FRAME162315","column":"SAT_W_75","alias":"SAT_W_75","tableAlias":null}},{"type":"COLUMN","content":{"table":"FRAME162315","column":"State_1","alias":"State_1","tableAlias":null}},{"type":"COLUMN","content":{"table":"FRAME162315","column":"TIV_Approval_Date","alias":"TIV_Approval_Date","tableAlias":null}},{"type":"COLUMN","content":{"table":"FRAME162315","column":"Top3Majors","alias":"Top3Majors","tableAlias":null}},{"type":"COLUMN","content":{"table":"FRAME162315","column":"Undergrad_Enrollment","alias":"Undergrad_Enrollment","tableAlias":null}},{"type":"COLUMN","content":{"table":"FRAME162315","column":"URL","alias":"URL","tableAlias":null}},{"type":"COLUMN","content":{"table":"FRAME162315","column":"Zip","alias":"Zip","tableAlias":null}}]}}},{"type":"basic","task":{"taskType":"basic","id":"task9","numCollected":500,"internalOffset":0,"taskOptions":"{\"options\":{\"0\":{\"layout\":\"Grid\",\"alignment\":{\"label\":[\"ACT_CUM_75\",\"Adm_Rate\",\"Avg_Cost_Academic_Year\",\"Avg_Cost_Program_Year\",\"Avg_Fac_Sal\",\"City\",\"City_State\",\"COLLEGE\",\"Compl_Repay_1yr_Rate\",\"Compl_Repay_7yr_Rate\",\"CompletionRate_150_4\",\"CompletionRate_150_L4\",\"Control\",\"Highest_Deg\",\"In_state_Tuition\",\"Institution_Name\",\"Lat\",\"Level_of_institution\",\"Locale\",\"Locale_1\",\"Long_1\",\"Low_Inc_Aid\",\"Main_Campus\",\"Noncom_Repay_1yr_Rate\",\"Noncom_Repay_7yr_Rate\",\"Out_of_state_Tuition\",\"Parent_Ed_HS\",\"Parent_Ed_MS\",\"Parent_Ed_PS\",\"Percent_2OrMore\",\"Percent_AIAN\",\"Percent_Asian\",\"Percent_Black\",\"Percent_Female\",\"Percent_First_Gen\",\"Percent_Full_time_Fac\",\"Percent_Hisp\",\"Percent_Male\",\"Percent_NHPI\",\"Percent_NRA\",\"Percent_Part_time\",\"Percent_UNKN\",\"Percent_Veterans\",\"Percent_White\",\"Predominant_Ugrad_Deg\",\"Religious_Affiliation\",\"RetentionRate_FT4\",\"RetentionRate_FTL4\",\"RetentionRate_PT4\",\"RetentionRate_PTL4\",\"SAT_M_75\",\"SAT_R_75\",\"SAT_Range\",\"SAT_W_75\",\"State_1\",\"TIV_Approval_Date\",\"Top3Majors\",\"Undergrad_Enrollment\",\"URL\",\"Zip\"]}}}}","qs":{"qsType":"FRAME","isDistinct":true,"overrideImplicit":false,"limit":500,"offset":0,"relations":"[]","selectors":[{"type":"COLUMN","content":{"table":"FRAME162315","column":"ACT_CUM_75","alias":"ACT_CUM_75","tableAlias":null}},{"type":"COLUMN","content":{"table":"FRAME162315","column":"Adm_Rate","alias":"Adm_Rate","tableAlias":null}},{"type":"COLUMN","content":{"table":"FRAME162315","column":"Avg_Cost_Academic_Year","alias":"Avg_Cost_Academic_Year","tableAlias":null}},{"type":"COLUMN","content":{"table":"FRAME162315","column":"Avg_Cost_Program_Year","alias":"Avg_Cost_Program_Year","tableAlias":null}},{"type":"COLUMN","content":{"table":"FRAME162315","column":"Avg_Fac_Sal","alias":"Avg_Fac_Sal","tableAlias":null}},{"type":"COLUMN","content":{"table":"FRAME162315","column":"City","alias":"City","tableAlias":null}},{"type":"COLUMN","content":{"table":"FRAME162315","column":"City_State","alias":"City_State","tableAlias":null}},{"type":"COLUMN","content":{"table":"FRAME162315","column":"COLLEGE","alias":"COLLEGE","tableAlias":null}},{"type":"COLUMN","content":{"table":"FRAME162315","column":"Compl_Repay_1yr_Rate","alias":"Compl_Repay_1yr_Rate","tableAlias":null}},{"type":"COLUMN","content":{"table":"FRAME162315","column":"Compl_Repay_7yr_Rate","alias":"Compl_Repay_7yr_Rate","tableAlias":null}},{"type":"COLUMN","content":{"table":"FRAME162315","column":"CompletionRate_150_4","alias":"CompletionRate_150_4","tableAlias":null}},{"type":"COLUMN","content":{"table":"FRAME162315","column":"CompletionRate_150_L4","alias":"CompletionRate_150_L4","tableAlias":null}},{"type":"COLUMN","content":{"table":"FRAME162315","column":"Control","alias":"Control","tableAlias":null}},{"type":"COLUMN","content":{"table":"FRAME162315","column":"Highest_Deg","alias":"Highest_Deg","tableAlias":null}},{"type":"COLUMN","content":{"table":"FRAME162315","column":"In_state_Tuition","alias":"In_state_Tuition","tableAlias":null}},{"type":"COLUMN","content":{"table":"FRAME162315","column":"Institution_Name","alias":"Institution_Name","tableAlias":null}},{"type":"COLUMN","content":{"table":"FRAME162315","column":"Lat","alias":"Lat","tableAlias":null}},{"type":"COLUMN","content":{"table":"FRAME162315","column":"Level_of_institution","alias":"Level_of_institution","tableAlias":null}},{"type":"COLUMN","content":{"table":"FRAME162315","column":"Locale","alias":"Locale","tableAlias":null}},{"type":"COLUMN","content":{"table":"FRAME162315","column":"Locale_1","alias":"Locale_1","tableAlias":null}},{"type":"COLUMN","content":{"table":"FRAME162315","column":"Long_1","alias":"Long_1","tableAlias":null}},{"type":"COLUMN","content":{"table":"FRAME162315","column":"Low_Inc_Aid","alias":"Low_Inc_Aid","tableAlias":null}},{"type":"COLUMN","content":{"table":"FRAME162315","column":"Main_Campus","alias":"Main_Campus","tableAlias":null}},{"type":"COLUMN","content":{"table":"FRAME162315","column":"Noncom_Repay_1yr_Rate","alias":"Noncom_Repay_1yr_Rate","tableAlias":null}},{"type":"COLUMN","content":{"table":"FRAME162315","column":"Noncom_Repay_7yr_Rate","alias":"Noncom_Repay_7yr_Rate","tableAlias":null}},{"type":"COLUMN","content":{"table":"FRAME162315","column":"Out_of_state_Tuition","alias":"Out_of_state_Tuition","tableAlias":null}},{"type":"COLUMN","content":{"table":"FRAME162315","column":"Parent_Ed_HS","alias":"Parent_Ed_HS","tableAlias":null}},{"type":"COLUMN","content":{"table":"FRAME162315","column":"Parent_Ed_MS","alias":"Parent_Ed_MS","tableAlias":null}},{"type":"COLUMN","content":{"table":"FRAME162315","column":"Parent_Ed_PS","alias":"Parent_Ed_PS","tableAlias":null}},{"type":"COLUMN","content":{"table":"FRAME162315","column":"Percent_2OrMore","alias":"Percent_2OrMore","tableAlias":null}},{"type":"COLUMN","content":{"table":"FRAME162315","column":"Percent_AIAN","alias":"Percent_AIAN","tableAlias":null}},{"type":"COLUMN","content":{"table":"FRAME162315","column":"Percent_Asian","alias":"Percent_Asian","tableAlias":null}},{"type":"COLUMN","content":{"table":"FRAME162315","column":"Percent_Black","alias":"Percent_Black","tableAlias":null}},{"type":"COLUMN","content":{"table":"FRAME162315","column":"Percent_Female","alias":"Percent_Female","tableAlias":null}},{"type":"COLUMN","content":{"table":"FRAME162315","column":"Percent_First_Gen","alias":"Percent_First_Gen","tableAlias":null}},{"type":"COLUMN","content":{"table":"FRAME162315","column":"Percent_Full_time_Fac","alias":"Percent_Full_time_Fac","tableAlias":null}},{"type":"COLUMN","content":{"table":"FRAME162315","column":"Percent_Hisp","alias":"Percent_Hisp","tableAlias":null}},{"type":"COLUMN","content":{"table":"FRAME162315","column":"Percent_Male","alias":"Percent_Male","tableAlias":null}},{"type":"COLUMN","content":{"table":"FRAME162315","column":"Percent_NHPI","alias":"Percent_NHPI","tableAlias":null}},{"type":"COLUMN","content":{"table":"FRAME162315","column":"Percent_NRA","alias":"Percent_NRA","tableAlias":null}},{"type":"COLUMN","content":{"table":"FRAME162315","column":"Percent_Part_time","alias":"Percent_Part_time","tableAlias":null}},{"type":"COLUMN","content":{"table":"FRAME162315","column":"Percent_UNKN","alias":"Percent_UNKN","tableAlias":null}},{"type":"COLUMN","content":{"table":"FRAME162315","column":"Percent_Veterans","alias":"Percent_Veterans","tableAlias":null}},{"type":"COLUMN","content":{"table":"FRAME162315","column":"Percent_White","alias":"Percent_White","tableAlias":null}},{"type":"COLUMN","content":{"table":"FRAME162315","column":"Predominant_Ugrad_Deg","alias":"Predominant_Ugrad_Deg","tableAlias":null}},{"type":"COLUMN","content":{"table":"FRAME162315","column":"Religious_Affiliation","alias":"Religious_Affiliation","tableAlias":null}},{"type":"COLUMN","content":{"table":"FRAME162315","column":"RetentionRate_FT4","alias":"RetentionRate_FT4","tableAlias":null}},{"type":"COLUMN","content":{"table":"FRAME162315","column":"RetentionRate_FTL4","alias":"RetentionRate_FTL4","tableAlias":null}},{"type":"COLUMN","content":{"table":"FRAME162315","column":"RetentionRate_PT4","alias":"RetentionRate_PT4","tableAlias":null}},{"type":"COLUMN","content":{"table":"FRAME162315","column":"RetentionRate_PTL4","alias":"RetentionRate_PTL4","tableAlias":null}},{"type":"COLUMN","content":{"table":"FRAME162315","column":"SAT_M_75","alias":"SAT_M_75","tableAlias":null}},{"type":"COLUMN","content":{"table":"FRAME162315","column":"SAT_R_75","alias":"SAT_R_75","tableAlias":null}},{"type":"COLUMN","content":{"table":"FRAME162315","column":"SAT_Range","alias":"SAT_Range","tableAlias":null}},{"type":"COLUMN","content":{"table":"FRAME162315","column":"SAT_W_75","alias":"SAT_W_75","tableAlias":null}},{"type":"COLUMN","content":{"table":"FRAME162315","column":"State_1","alias":"State_1","tableAlias":null}},{"type":"COLUMN","content":{"table":"FRAME162315","column":"TIV_Approval_Date","alias":"TIV_Approval_Date","tableAlias":null}},{"type":"COLUMN","content":{"table":"FRAME162315","column":"Top3Majors","alias":"Top3Majors","tableAlias":null}},{"type":"COLUMN","content":{"table":"FRAME162315","column":"Undergrad_Enrollment","alias":"Undergrad_Enrollment","tableAlias":null}},{"type":"COLUMN","content":{"table":"FRAME162315","column":"URL","alias":"URL","tableAlias":null}},{"type":"COLUMN","content":{"table":"FRAME162315","column":"Zip","alias":"Zip","tableAlias":null}}]}}},{"type":"basic","task":{"taskType":"basic","id":"task11","numCollected":500,"internalOffset":0,"taskOptions":"{\"options\":{\"0\":{\"layout\":\"Grid\",\"alignment\":{\"label\":[\"ACT_CUM_75\",\"Adm_Rate\",\"Avg_Cost_Academic_Year\",\"Avg_Cost_Program_Year\",\"Avg_Fac_Sal\",\"City\",\"City_State\",\"COLLEGE\",\"Compl_Repay_1yr_Rate\",\"Compl_Repay_7yr_Rate\",\"CompletionRate_150_4\",\"CompletionRate_150_L4\",\"Control\",\"Highest_Deg\",\"In_state_Tuition\",\"Institution_Name\",\"Lat\",\"Level_of_institution\",\"Locale\",\"Locale_1\",\"Long_1\",\"Low_Inc_Aid\",\"Main_Campus\",\"Noncom_Repay_1yr_Rate\",\"Noncom_Repay_7yr_Rate\",\"Out_of_state_Tuition\",\"Parent_Ed_HS\",\"Parent_Ed_MS\",\"Parent_Ed_PS\",\"Percent_2OrMore\",\"Percent_AIAN\",\"Percent_Asian\",\"Percent_Black\",\"Percent_Female\",\"Percent_First_Gen\",\"Percent_Full_time_Fac\",\"Percent_Hisp\",\"Percent_Male\",\"Percent_NHPI\",\"Percent_NRA\",\"Percent_Part_time\",\"Percent_UNKN\",\"Percent_Veterans\",\"Percent_White\",\"Predominant_Ugrad_Deg\",\"Religious_Affiliation\",\"RetentionRate_FT4\",\"RetentionRate_FTL4\",\"RetentionRate_PT4\",\"RetentionRate_PTL4\",\"SAT_M_75\",\"SAT_R_75\",\"SAT_Range\",\"SAT_W_75\",\"State_1\",\"TIV_Approval_Date\",\"Top3Majors\",\"Undergrad_Enrollment\",\"URL\",\"Zip\"]}}}}","qs":{"qsType":"FRAME","isDistinct":true,"overrideImplicit":false,"limit":500,"offset":0,"relations":"[]","selectors":[{"type":"COLUMN","content":{"table":"FRAME162315","column":"ACT_CUM_75","alias":"ACT_CUM_75","tableAlias":null}},{"type":"COLUMN","content":{"table":"FRAME162315","column":"Adm_Rate","alias":"Adm_Rate","tableAlias":null}},{"type":"COLUMN","content":{"table":"FRAME162315","column":"Avg_Cost_Academic_Year","alias":"Avg_Cost_Academic_Year","tableAlias":null}},{"type":"COLUMN","content":{"table":"FRAME162315","column":"Avg_Cost_Program_Year","alias":"Avg_Cost_Program_Year","tableAlias":null}},{"type":"COLUMN","content":{"table":"FRAME162315","column":"Avg_Fac_Sal","alias":"Avg_Fac_Sal","tableAlias":null}},{"type":"COLUMN","content":{"table":"FRAME162315","column":"City","alias":"City","tableAlias":null}},{"type":"COLUMN","content":{"table":"FRAME162315","column":"City_State","alias":"City_State","tableAlias":null}},{"type":"COLUMN","content":{"table":"FRAME162315","column":"COLLEGE","alias":"COLLEGE","tableAlias":null}},{"type":"COLUMN","content":{"table":"FRAME162315","column":"Compl_Repay_1yr_Rate","alias":"Compl_Repay_1yr_Rate","tableAlias":null}},{"type":"COLUMN","content":{"table":"FRAME162315","column":"Compl_Repay_7yr_Rate","alias":"Compl_Repay_7yr_Rate","tableAlias":null}},{"type":"COLUMN","content":{"table":"FRAME162315","column":"CompletionRate_150_4","alias":"CompletionRate_150_4","tableAlias":null}},{"type":"COLUMN","content":{"table":"FRAME162315","column":"CompletionRate_150_L4","alias":"CompletionRate_150_L4","tableAlias":null}},{"type":"COLUMN","content":{"table":"FRAME162315","column":"Control","alias":"Control","tableAlias":null}},{"type":"COLUMN","content":{"table":"FRAME162315","column":"Highest_Deg","alias":"Highest_Deg","tableAlias":null}},{"type":"COLUMN","content":{"table":"FRAME162315","column":"In_state_Tuition","alias":"In_state_Tuition","tableAlias":null}},{"type":"COLUMN","content":{"table":"FRAME162315","column":"Institution_Name","alias":"Institution_Name","tableAlias":null}},{"type":"COLUMN","content":{"table":"FRAME162315","column":"Lat","alias":"Lat","tableAlias":null}},{"type":"COLUMN","content":{"table":"FRAME162315","column":"Level_of_institution","alias":"Level_of_institution","tableAlias":null}},{"type":"COLUMN","content":{"table":"FRAME162315","column":"Locale","alias":"Locale","tableAlias":null}},{"type":"COLUMN","content":{"table":"FRAME162315","column":"Locale_1","alias":"Locale_1","tableAlias":null}},{"type":"COLUMN","content":{"table":"FRAME162315","column":"Long_1","alias":"Long_1","tableAlias":null}},{"type":"COLUMN","content":{"table":"FRAME162315","column":"Low_Inc_Aid","alias":"Low_Inc_Aid","tableAlias":null}},{"type":"COLUMN","content":{"table":"FRAME162315","column":"Main_Campus","alias":"Main_Campus","tableAlias":null}},{"type":"COLUMN","content":{"table":"FRAME162315","column":"Noncom_Repay_1yr_Rate","alias":"Noncom_Repay_1yr_Rate","tableAlias":null}},{"type":"COLUMN","content":{"table":"FRAME162315","column":"Noncom_Repay_7yr_Rate","alias":"Noncom_Repay_7yr_Rate","tableAlias":null}},{"type":"COLUMN","content":{"table":"FRAME162315","column":"Out_of_state_Tuition","alias":"Out_of_state_Tuition","tableAlias":null}},{"type":"COLUMN","content":{"table":"FRAME162315","column":"Parent_Ed_HS","alias":"Parent_Ed_HS","tableAlias":null}},{"type":"COLUMN","content":{"table":"FRAME162315","column":"Parent_Ed_MS","alias":"Parent_Ed_MS","tableAlias":null}},{"type":"COLUMN","content":{"table":"FRAME162315","column":"Parent_Ed_PS","alias":"Parent_Ed_PS","tableAlias":null}},{"type":"COLUMN","content":{"table":"FRAME162315","column":"Percent_2OrMore","alias":"Percent_2OrMore","tableAlias":null}},{"type":"COLUMN","content":{"table":"FRAME162315","column":"Percent_AIAN","alias":"Percent_AIAN","tableAlias":null}},{"type":"COLUMN","content":{"table":"FRAME162315","column":"Percent_Asian","alias":"Percent_Asian","tableAlias":null}},{"type":"COLUMN","content":{"table":"FRAME162315","column":"Percent_Black","alias":"Percent_Black","tableAlias":null}},{"type":"COLUMN","content":{"table":"FRAME162315","column":"Percent_Female","alias":"Percent_Female","tableAlias":null}},{"type":"COLUMN","content":{"table":"FRAME162315","column":"Percent_First_Gen","alias":"Percent_First_Gen","tableAlias":null}},{"type":"COLUMN","content":{"table":"FRAME162315","column":"Percent_Full_time_Fac","alias":"Percent_Full_time_Fac","tableAlias":null}},{"type":"COLUMN","content":{"table":"FRAME162315","column":"Percent_Hisp","alias":"Percent_Hisp","tableAlias":null}},{"type":"COLUMN","content":{"table":"FRAME162315","column":"Percent_Male","alias":"Percent_Male","tableAlias":null}},{"type":"COLUMN","content":{"table":"FRAME162315","column":"Percent_NHPI","alias":"Percent_NHPI","tableAlias":null}},{"type":"COLUMN","content":{"table":"FRAME162315","column":"Percent_NRA","alias":"Percent_NRA","tableAlias":null}},{"type":"COLUMN","content":{"table":"FRAME162315","column":"Percent_Part_time","alias":"Percent_Part_time","tableAlias":null}},{"type":"COLUMN","content":{"table":"FRAME162315","column":"Percent_UNKN","alias":"Percent_UNKN","tableAlias":null}},{"type":"COLUMN","content":{"table":"FRAME162315","column":"Percent_Veterans","alias":"Percent_Veterans","tableAlias":null}},{"type":"COLUMN","content":{"table":"FRAME162315","column":"Percent_White","alias":"Percent_White","tableAlias":null}},{"type":"COLUMN","content":{"table":"FRAME162315","column":"Predominant_Ugrad_Deg","alias":"Predominant_Ugrad_Deg","tableAlias":null}},{"type":"COLUMN","content":{"table":"FRAME162315","column":"Religious_Affiliation","alias":"Religious_Affiliation","tableAlias":null}},{"type":"COLUMN","content":{"table":"FRAME162315","column":"RetentionRate_FT4","alias":"RetentionRate_FT4","tableAlias":null}},{"type":"COLUMN","content":{"table":"FRAME162315","column":"RetentionRate_FTL4","alias":"RetentionRate_FTL4","tableAlias":null}},{"type":"COLUMN","content":{"table":"FRAME162315","column":"RetentionRate_PT4","alias":"RetentionRate_PT4","tableAlias":null}},{"type":"COLUMN","content":{"table":"FRAME162315","column":"RetentionRate_PTL4","alias":"RetentionRate_PTL4","tableAlias":null}},{"type":"COLUMN","content":{"table":"FRAME162315","column":"SAT_M_75","alias":"SAT_M_75","tableAlias":null}},{"type":"COLUMN","content":{"table":"FRAME162315","column":"SAT_R_75","alias":"SAT_R_75","tableAlias":null}},{"type":"COLUMN","content":{"table":"FRAME162315","column":"SAT_Range","alias":"SAT_Range","tableAlias":null}},{"type":"COLUMN","content":{"table":"FRAME162315","column":"SAT_W_75","alias":"SAT_W_75","tableAlias":null}},{"type":"COLUMN","content":{"table":"FRAME162315","column":"State_1","alias":"State_1","tableAlias":null}},{"type":"COLUMN","content":{"table":"FRAME162315","column":"TIV_Approval_Date","alias":"TIV_Approval_Date","tableAlias":null}},{"type":"COLUMN","content":{"table":"FRAME162315","column":"Top3Majors","alias":"Top3Majors","tableAlias":null}},{"type":"COLUMN","content":{"table":"FRAME162315","column":"Undergrad_Enrollment","alias":"Undergrad_Enrollment","tableAlias":null}},{"type":"COLUMN","content":{"table":"FRAME162315","column":"URL","alias":"URL","tableAlias":null}},{"type":"COLUMN","content":{"table":"FRAME162315","column":"Zip","alias":"Zip","tableAlias":null}}]}}},{"type":"basic","task":{"taskType":"basic","id":"task13","numCollected":500,"internalOffset":0,"taskOptions":"{\"options\":{\"0\":{\"layout\":\"Grid\",\"alignment\":{\"label\":[\"ACT_CUM_75\",\"Adm_Rate\",\"Avg_Cost_Academic_Year\",\"Avg_Cost_Program_Year\",\"Avg_Fac_Sal\",\"City\",\"City_State\",\"COLLEGE\",\"Compl_Repay_1yr_Rate\",\"Compl_Repay_7yr_Rate\",\"CompletionRate_150_4\",\"CompletionRate_150_L4\",\"Control\",\"Highest_Deg\",\"In_state_Tuition\",\"Institution_Name\",\"Lat\",\"Level_of_institution\",\"Locale\",\"Locale_1\",\"Long_1\",\"Low_Inc_Aid\",\"Main_Campus\",\"Noncom_Repay_1yr_Rate\",\"Noncom_Repay_7yr_Rate\",\"Out_of_state_Tuition\",\"Parent_Ed_HS\",\"Parent_Ed_MS\",\"Parent_Ed_PS\",\"Percent_2OrMore\",\"Percent_AIAN\",\"Percent_Asian\",\"Percent_Black\",\"Percent_Female\",\"Percent_First_Gen\",\"Percent_Full_time_Fac\",\"Percent_Hisp\",\"Percent_Male\",\"Percent_NHPI\",\"Percent_NRA\",\"Percent_Part_time\",\"Percent_UNKN\",\"Percent_Veterans\",\"Percent_White\",\"Predominant_Ugrad_Deg\",\"Religious_Affiliation\",\"RetentionRate_FT4\",\"RetentionRate_FTL4\",\"RetentionRate_PT4\",\"RetentionRate_PTL4\",\"SAT_M_75\",\"SAT_R_75\",\"SAT_Range\",\"SAT_W_75\",\"State_1\",\"TIV_Approval_Date\",\"Top3Majors\",\"Undergrad_Enrollment\",\"URL\",\"Zip\"]}}}}","qs":{"qsType":"FRAME","isDistinct":true,"overrideImplicit":false,"limit":500,"offset":0,"relations":"[]","selectors":[{"type":"COLUMN","content":{"table":"FRAME162315","column":"ACT_CUM_75","alias":"ACT_CUM_75","tableAlias":null}},{"type":"COLUMN","content":{"table":"FRAME162315","column":"Adm_Rate","alias":"Adm_Rate","tableAlias":null}},{"type":"COLUMN","content":{"table":"FRAME162315","column":"Avg_Cost_Academic_Year","alias":"Avg_Cost_Academic_Year","tableAlias":null}},{"type":"COLUMN","content":{"table":"FRAME162315","column":"Avg_Cost_Program_Year","alias":"Avg_Cost_Program_Year","tableAlias":null}},{"type":"COLUMN","content":{"table":"FRAME162315","column":"Avg_Fac_Sal","alias":"Avg_Fac_Sal","tableAlias":null}},{"type":"COLUMN","content":{"table":"FRAME162315","column":"City","alias":"City","tableAlias":null}},{"type":"COLUMN","content":{"table":"FRAME162315","column":"City_State","alias":"City_State","tableAlias":null}},{"type":"COLUMN","content":{"table":"FRAME162315","column":"COLLEGE","alias":"COLLEGE","tableAlias":null}},{"type":"COLUMN","content":{"table":"FRAME162315","column":"Compl_Repay_1yr_Rate","alias":"Compl_Repay_1yr_Rate","tableAlias":null}},{"type":"COLUMN","content":{"table":"FRAME162315","column":"Compl_Repay_7yr_Rate","alias":"Compl_Repay_7yr_Rate","tableAlias":null}},{"type":"COLUMN","content":{"table":"FRAME162315","column":"CompletionRate_150_4","alias":"CompletionRate_150_4","tableAlias":null}},{"type":"COLUMN","content":{"table":"FRAME162315","column":"CompletionRate_150_L4","alias":"CompletionRate_150_L4","tableAlias":null}},{"type":"COLUMN","content":{"table":"FRAME162315","column":"Control","alias":"Control","tableAlias":null}},{"type":"COLUMN","content":{"table":"FRAME162315","column":"Highest_Deg","alias":"Highest_Deg","tableAlias":null}},{"type":"COLUMN","content":{"table":"FRAME162315","column":"In_state_Tuition","alias":"In_state_Tuition","tableAlias":null}},{"type":"COLUMN","content":{"table":"FRAME162315","column":"Institution_Name","alias":"Institution_Name","tableAlias":null}},{"type":"COLUMN","content":{"table":"FRAME162315","column":"Lat","alias":"Lat","tableAlias":null}},{"type":"COLUMN","content":{"table":"FRAME162315","column":"Level_of_institution","alias":"Level_of_institution","tableAlias":null}},{"type":"COLUMN","content":{"table":"FRAME162315","column":"Locale","alias":"Locale","tableAlias":null}},{"type":"COLUMN","content":{"table":"FRAME162315","column":"Locale_1","alias":"Locale_1","tableAlias":null}},{"type":"COLUMN","content":{"table":"FRAME162315","column":"Long_1","alias":"Long_1","tableAlias":null}},{"type":"COLUMN","content":{"table":"FRAME162315","column":"Low_Inc_Aid","alias":"Low_Inc_Aid","tableAlias":null}},{"type":"COLUMN","content":{"table":"FRAME162315","column":"Main_Campus","alias":"Main_Campus","tableAlias":null}},{"type":"COLUMN","content":{"table":"FRAME162315","column":"Noncom_Repay_1yr_Rate","alias":"Noncom_Repay_1yr_Rate","tableAlias":null}},{"type":"COLUMN","content":{"table":"FRAME162315","column":"Noncom_Repay_7yr_Rate","alias":"Noncom_Repay_7yr_Rate","tableAlias":null}},{"type":"COLUMN","content":{"table":"FRAME162315","column":"Out_of_state_Tuition","alias":"Out_of_state_Tuition","tableAlias":null}},{"type":"COLUMN","content":{"table":"FRAME162315","column":"Parent_Ed_HS","alias":"Parent_Ed_HS","tableAlias":null}},{"type":"COLUMN","content":{"table":"FRAME162315","column":"Parent_Ed_MS","alias":"Parent_Ed_MS","tableAlias":null}},{"type":"COLUMN","content":{"table":"FRAME162315","column":"Parent_Ed_PS","alias":"Parent_Ed_PS","tableAlias":null}},{"type":"COLUMN","content":{"table":"FRAME162315","column":"Percent_2OrMore","alias":"Percent_2OrMore","tableAlias":null}},{"type":"COLUMN","content":{"table":"FRAME162315","column":"Percent_AIAN","alias":"Percent_AIAN","tableAlias":null}},{"type":"COLUMN","content":{"table":"FRAME162315","column":"Percent_Asian","alias":"Percent_Asian","tableAlias":null}},{"type":"COLUMN","content":{"table":"FRAME162315","column":"Percent_Black","alias":"Percent_Black","tableAlias":null}},{"type":"COLUMN","content":{"table":"FRAME162315","column":"Percent_Female","alias":"Percent_Female","tableAlias":null}},{"type":"COLUMN","content":{"table":"FRAME162315","column":"Percent_First_Gen","alias":"Percent_First_Gen","tableAlias":null}},{"type":"COLUMN","content":{"table":"FRAME162315","column":"Percent_Full_time_Fac","alias":"Percent_Full_time_Fac","tableAlias":null}},{"type":"COLUMN","content":{"table":"FRAME162315","column":"Percent_Hisp","alias":"Percent_Hisp","tableAlias":null}},{"type":"COLUMN","content":{"table":"FRAME162315","column":"Percent_Male","alias":"Percent_Male","tableAlias":null}},{"type":"COLUMN","content":{"table":"FRAME162315","column":"Percent_NHPI","alias":"Percent_NHPI","tableAlias":null}},{"type":"COLUMN","content":{"table":"FRAME162315","column":"Percent_NRA","alias":"Percent_NRA","tableAlias":null}},{"type":"COLUMN","content":{"table":"FRAME162315","column":"Percent_Part_time","alias":"Percent_Part_time","tableAlias":null}},{"type":"COLUMN","content":{"table":"FRAME162315","column":"Percent_UNKN","alias":"Percent_UNKN","tableAlias":null}},{"type":"COLUMN","content":{"table":"FRAME162315","column":"Percent_Veterans","alias":"Percent_Veterans","tableAlias":null}},{"type":"COLUMN","content":{"table":"FRAME162315","column":"Percent_White","alias":"Percent_White","tableAlias":null}},{"type":"COLUMN","content":{"table":"FRAME162315","column":"Predominant_Ugrad_Deg","alias":"Predominant_Ugrad_Deg","tableAlias":null}},{"type":"COLUMN","content":{"table":"FRAME162315","column":"Religious_Affiliation","alias":"Religious_Affiliation","tableAlias":null}},{"type":"COLUMN","content":{"table":"FRAME162315","column":"RetentionRate_FT4","alias":"RetentionRate_FT4","tableAlias":null}},{"type":"COLUMN","content":{"table":"FRAME162315","column":"RetentionRate_FTL4","alias":"RetentionRate_FTL4","tableAlias":null}},{"type":"COLUMN","content":{"table":"FRAME162315","column":"RetentionRate_PT4","alias":"RetentionRate_PT4","tableAlias":null}},{"type":"COLUMN","content":{"table":"FRAME162315","column":"RetentionRate_PTL4","alias":"RetentionRate_PTL4","tableAlias":null}},{"type":"COLUMN","content":{"table":"FRAME162315","column":"SAT_M_75","alias":"SAT_M_75","tableAlias":null}},{"type":"COLUMN","content":{"table":"FRAME162315","column":"SAT_R_75","alias":"SAT_R_75","tableAlias":null}},{"type":"COLUMN","content":{"table":"FRAME162315","column":"SAT_Range","alias":"SAT_Range","tableAlias":null}},{"type":"COLUMN","content":{"table":"FRAME162315","column":"SAT_W_75","alias":"SAT_W_75","tableAlias":null}},{"type":"COLUMN","content":{"table":"FRAME162315","column":"State_1","alias":"State_1","tableAlias":null}},{"type":"COLUMN","content":{"table":"FRAME162315","column":"TIV_Approval_Date","alias":"TIV_Approval_Date","tableAlias":null}},{"type":"COLUMN","content":{"table":"FRAME162315","column":"Top3Majors","alias":"Top3Majors","tableAlias":null}},{"type":"COLUMN","content":{"table":"FRAME162315","column":"Undergrad_Enrollment","alias":"Undergrad_Enrollment","tableAlias":null}},{"type":"COLUMN","content":{"table":"FRAME162315","column":"URL","alias":"URL","tableAlias":null}},{"type":"COLUMN","content":{"table":"FRAME162315","column":"Zip","alias":"Zip","tableAlias":null}}]}}},{"type":"basic","task":{"taskType":"basic","id":"task15","numCollected":500,"internalOffset":0,"taskOptions":"{\"options\":{\"0\":{\"layout\":\"Map\",\"alignment\":{\"size\":[],\"color\":[],\"latitude\":[\"Lat\"],\"tooltip\":[],\"label\":[\"Institution_Name\"],\"longitude\":[\"Long_1\"]}}}}","qs":{"qsType":"FRAME","isDistinct":true,"overrideImplicit":false,"limit":500,"offset":0,"relations":"[]","selectors":[{"type":"COLUMN","content":{"table":"Institution_Name","column":"PRIM_KEY_PLACEHOLDER","alias":"Institution_Name","tableAlias":null}},{"type":"COLUMN","content":{"table":"Lat","column":"PRIM_KEY_PLACEHOLDER","alias":"Lat","tableAlias":null}},{"type":"COLUMN","content":{"table":"Long_1","column":"PRIM_KEY_PLACEHOLDER","alias":"Long_1","tableAlias":null}}]}}},{"type":"basic","task":{"taskType":"basic","id":"task17","numCollected":-1,"internalOffset":0,"taskOptions":"{\"options\":{\"0\":{\"layout\":\"Map\",\"alignment\":{\"latitude\":[\"Lat\"],\"label\":[\"Institution_Name\"],\"longitude\":[\"Long_1\"]}}}}","qs":{"qsType":"FRAME","isDistinct":true,"overrideImplicit":false,"limit":-1,"offset":0,"relations":"[]","selectors":[{"type":"COLUMN","content":{"table":"Lat","column":"PRIM_KEY_PLACEHOLDER","alias":"Lat","tableAlias":null}},{"type":"COLUMN","content":{"table":"Institution_Name","column":"PRIM_KEY_PLACEHOLDER","alias":"Institution_Name","tableAlias":null}},{"type":"COLUMN","content":{"table":"Long_1","column":"PRIM_KEY_PLACEHOLDER","alias":"Long_1","tableAlias":null}}]}}},{"type":"basic","task":{"taskType":"basic","id":"task19","numCollected":500,"internalOffset":0,"taskOptions":"{\"options\":{\"1\":{\"layout\":\"Cloud\",\"alignment\":{\"tooltip\":[],\"label\":[\"Top3Majors\"],\"value\":[\"UniqueCountofInstitution_Name\"]}}}}","qs":{"qsType":"FRAME","isDistinct":true,"overrideImplicit":false,"limit":500,"offset":0,"relations":"[]","groups":["{\"column\":\"PRIM_KEY_PLACEHOLDER\",\"table\":\"Top3Majors\",\"alias\":\"\"}"],"selectors":[{"type":"COLUMN","content":{"table":"Top3Majors","column":"PRIM_KEY_PLACEHOLDER","alias":"Top3Majors","tableAlias":null}},{"type":"FUNCTION","content":{"alias":"UniqueCountofInstitution_Name","function":"uniquecount","distinct":true,"colCast":"","innerSelectors":[{"type":"COLUMN","content":{"table":"Institution_Name","column":"PRIM_KEY_PLACEHOLDER","alias":"Institution_Name","tableAlias":null}}]}}]}}},{"type":"basic","task":{"taskType":"basic","id":"task21","numCollected":500,"internalOffset":0,"taskOptions":"{\"options\":{\"2\":{\"layout\":\"Pie\",\"alignment\":{\"heat\":[],\"tooltip\":[],\"label\":[\"Locale_1\"],\"value\":[\"UniqueCountofInstitution_Name\"],\"facet\":[]}}}}","qs":{"qsType":"FRAME","isDistinct":true,"overrideImplicit":false,"limit":500,"offset":0,"relations":"[]","groups":["{\"column\":\"PRIM_KEY_PLACEHOLDER\",\"table\":\"Locale_1\",\"alias\":\"\"}"],"selectors":[{"type":"COLUMN","content":{"table":"Locale_1","column":"PRIM_KEY_PLACEHOLDER","alias":"Locale_1","tableAlias":null}},{"type":"FUNCTION","content":{"alias":"UniqueCountofInstitution_Name","function":"uniquecount","distinct":true,"colCast":"","innerSelectors":[{"type":"COLUMN","content":{"table":"Institution_Name","column":"PRIM_KEY_PLACEHOLDER","alias":"Institution_Name","tableAlias":null}}]}}]}}},{"type":"basic","task":{"taskType":"basic","id":"task23","numCollected":500,"internalOffset":0,"taskOptions":"{\"options\":{\"3\":{\"layout\":\"Column\",\"alignment\":{\"tooltip\":[],\"label\":[\"Institution_Name\"],\"value\":[\"AverageofIn_state_Tuition\",\"AverageofOut_of_state_Tuition\"],\"facet\":[]}}}}","qs":{"qsType":"FRAME","isDistinct":true,"overrideImplicit":false,"limit":500,"offset":0,"relations":"[]","groups":["{\"column\":\"PRIM_KEY_PLACEHOLDER\",\"table\":\"Institution_Name\",\"alias\":\"\"}"],"orders":["{\"sortDir\":\"ASC\",\"column\":\"PRIM_KEY_PLACEHOLDER\",\"table\":\"AverageofOut_of_state_Tuition\",\"alias\":\"\"}"],"selectors":[{"type":"COLUMN","content":{"table":"Institution_Name","column":"PRIM_KEY_PLACEHOLDER","alias":"Institution_Name","tableAlias":null}},{"type":"FUNCTION","content":{"alias":"AverageofIn_state_Tuition","function":"mean","distinct":false,"colCast":"","innerSelectors":[{"type":"COLUMN","content":{"table":"In_state_Tuition","column":"PRIM_KEY_PLACEHOLDER","alias":"In_state_Tuition","tableAlias":null}}]}},{"type":"FUNCTION","content":{"alias":"AverageofOut_of_state_Tuition","function":"mean","distinct":false,"colCast":"","innerSelectors":[{"type":"COLUMN","content":{"table":"Out_of_state_Tuition","column":"PRIM_KEY_PLACEHOLDER","alias":"Out_of_state_Tuition","tableAlias":null}}]}}]}}},{"type":"basic","task":{"taskType":"basic","id":"task25","numCollected":-1,"internalOffset":0,"taskOptions":"{\"options\":{\"0\":{\"layout\":\"Map\",\"alignment\":{\"size\":[],\"color\":[\"SAT_Range\"],\"latitude\":[\"Lat\"],\"tooltip\":[],\"label\":[\"Institution_Name\"],\"longitude\":[\"Long_1\"]}}}}","qs":{"qsType":"FRAME","isDistinct":true,"overrideImplicit":false,"limit":-1,"offset":0,"relations":"[]","selectors":[{"type":"COLUMN","content":{"table":"Institution_Name","column":"PRIM_KEY_PLACEHOLDER","alias":"Institution_Name","tableAlias":null}},{"type":"COLUMN","content":{"table":"Lat","column":"PRIM_KEY_PLACEHOLDER","alias":"Lat","tableAlias":null}},{"type":"COLUMN","content":{"table":"Long_1","column":"PRIM_KEY_PLACEHOLDER","alias":"Long_1","tableAlias":null}},{"type":"COLUMN","content":{"table":"SAT_Range","column":"PRIM_KEY_PLACEHOLDER","alias":"SAT_Range","tableAlias":null}}]}}}],"taskCounter":26},"recipe":["AddPanel ( 0 ) ;","Panel ( 0 ) | AddPanelEvents ( { \"onSingleClick\" : { \"Unfilter\" : [ { \"panel\" : \"\" , \"query\" : \"<encode>UnfilterFrame(<SelectedColumn>);</encode>\" , \"options\" : { } , \"refresh\" : false , \"default\" : true , \"disabledVisuals\" : [ \"Grid\" , \"Sunburst\" ] , \"disabled\" : false } ] } , \"onBrush\" : { \"Filter\" : [ { \"panel\" : \"\" , \"query\" : \"<encode>if(IsEmpty(<SelectedValues>), UnfilterFrame(<SelectedColumn>), SetFrameFilter(<SelectedColumn>==<SelectedValues>));</encode>\" , \"options\" : { } , \"refresh\" : false , \"default\" : true , \"disabled\" : false } ] } } ) ;","Panel ( 0 ) | RetrievePanelEvents ( ) ;","Panel ( 0 ) | SetPanelView ( \"visualization\" , \"<encode>{\"type\":\"echarts\"}</encode>\" ) ;","Panel ( 0 ) | SetPanelView ( \"federate-view\" , \"<encode>{\"app_id\":\"ec40eeae-0a36-4263-93b8-9098b033eff1\"}</encode>\" ) ;","Panel ( 0 ) | AddPanelConfig ( config = [ { \"config\" : { \"type\" : \"STANDARD\" , \"opacity\" : 100 } } ] ) ;","CreateFrame ( frameType = [ R ] ) .as ( [ 'FRAME162315' ] ) ;","Database ( database = [ \"ec40eeae-0a36-4263-93b8-9098b033eff1\" ] ) | Select ( COLLEGE , COLLEGE__ACT_CUM_75 , COLLEGE__Adm_Rate , COLLEGE__Avg_Cost_Academic_Year , COLLEGE__Avg_Cost_Program_Year , COLLEGE__Avg_Fac_Sal , COLLEGE__City , COLLEGE__City_State , COLLEGE__Compl_Repay_1yr_Rate , COLLEGE__Compl_Repay_7yr_Rate , COLLEGE__CompletionRate_150_4 , COLLEGE__CompletionRate_150_L4 , COLLEGE__Control , COLLEGE__Highest_Deg , COLLEGE__In_state_Tuition , COLLEGE__Institution_Name , COLLEGE__Lat , COLLEGE__Level_of_institution , COLLEGE__Locale , COLLEGE__Long_1 , COLLEGE__Low_Inc_Aid , COLLEGE__Main_Campus , COLLEGE__Noncom_Repay_1yr_Rate , COLLEGE__Noncom_Repay_7yr_Rate , COLLEGE__Out_of_state_Tuition , COLLEGE__Parent_Ed_HS , COLLEGE__Parent_Ed_MS , COLLEGE__Parent_Ed_PS , COLLEGE__Percent_2OrMore , COLLEGE__Percent_AIAN , COLLEGE__Percent_Asian , COLLEGE__Percent_Black , COLLEGE__Percent_Female , COLLEGE__Percent_First_Gen , COLLEGE__Percent_Full_time_Fac , COLLEGE__Percent_Hisp , COLLEGE__Percent_Male , COLLEGE__Percent_NHPI , COLLEGE__Percent_NRA , COLLEGE__Percent_Part_time , COLLEGE__Percent_UNKN , COLLEGE__Percent_Veterans , COLLEGE__Percent_White , COLLEGE__Predominant_Ugrad_Deg , COLLEGE__Religious_Affiliation , COLLEGE__RetentionRate_FT4 , COLLEGE__RetentionRate_FTL4 , COLLEGE__RetentionRate_PT4 , COLLEGE__RetentionRate_PTL4 , COLLEGE__SAT_M_75 , COLLEGE__SAT_R_75 , COLLEGE__SAT_W_75 , COLLEGE__State_1 , COLLEGE__TIV_Approval_Date , COLLEGE__Top3Majors , COLLEGE__URL , COLLEGE__Undergrad_Enrollment , COLLEGE__Zip ) .as ( [ COLLEGE , ACT_CUM_75 , Adm_Rate , Avg_Cost_Academic_Year , Avg_Cost_Program_Year , Avg_Fac_Sal , City , City_State , Compl_Repay_1yr_Rate , Compl_Repay_7yr_Rate , CompletionRate_150_4 , CompletionRate_150_L4 , Control , Highest_Deg , In_state_Tuition , Institution_Name , Lat , Level_of_institution , Locale , Long_1 , Low_Inc_Aid , Main_Campus , Noncom_Repay_1yr_Rate , Noncom_Repay_7yr_Rate , Out_of_state_Tuition , Parent_Ed_HS , Parent_Ed_MS , Parent_Ed_PS , Percent_2OrMore , Percent_AIAN , Percent_Asian , Percent_Black , Percent_Female , Percent_First_Gen , Percent_Full_time_Fac , Percent_Hisp , Percent_Male , Percent_NHPI , Percent_NRA , Percent_Part_time , Percent_UNKN , Percent_Veterans , Percent_White , Predominant_Ugrad_Deg , Religious_Affiliation , RetentionRate_FT4 , RetentionRate_FTL4 , RetentionRate_PT4 , RetentionRate_PTL4 , SAT_M_75 , SAT_R_75 , SAT_W_75 , State_1 , TIV_Approval_Date , Top3Majors , URL , Undergrad_Enrollment , Zip ] ) | Import ( ) ;","Panel ( 0 ) | SetPanelView ( \"visualization\" ) ;","Frame ( ) | QueryAll ( ) | AutoTaskOptions ( panel = [ \"0\" ] , layout = [ \"Grid\" ] ) | Collect ( 500 ) ;","AddColumn ( newCol = [ \"SAT_Range\" ] , dataType = [ \"STRING\" ] ) ;","Frame ( ) | QueryAll ( ) | AutoTaskOptions ( panel = [ \"0\" ] , layout = [ \"Grid\" ] ) | Collect ( 500 ) ;","UpdateRowValues ( SAT_Range , \"Low\" , Filter ( SAT_R_75 > 0 ) ) ;","UpdateRowValues ( SAT_Range , \"Medium\" , Filter ( SAT_R_75 > 500 ) ) ;","UpdateRowValues ( SAT_Range , \"High\" , Filter ( SAT_R_75 > 650 ) ) ;","SplitUnpivot ( columns = [ \"Top3Majors\" ] , delimiter = [ \",_\" ] ) ;","Frame ( ) | QueryAll ( ) | AutoTaskOptions ( panel = [ \"0\" ] , layout = [ \"Grid\" ] ) | Collect ( 500 ) ;","SplitColumns ( columns = [ \"Locale\" ] , delimiter = [ \":_\" ] , regex = [ \"Regex\" ] ) ;","Frame ( ) | QueryAll ( ) | AutoTaskOptions ( panel = [ \"0\" ] , layout = [ \"Grid\" ] ) | Collect ( 500 ) ;","DropColumn ( columns = [ \"Locale_2\" ] ) ;","Frame ( ) | QueryAll ( ) | AutoTaskOptions ( panel = [ \"0\" ] , layout = [ \"Grid\" ] ) | Collect ( 500 ) ;","DropColumn ( columns = [ \"Locale_3\" ] ) ;","Frame ( ) | QueryAll ( ) | AutoTaskOptions ( panel = [ \"0\" ] , layout = [ \"Grid\" ] ) | Collect ( 500 ) ;","DropColumn ( columns = [ \"Locale_4\" ] ) ;","Frame ( ) | QueryAll ( ) | AutoTaskOptions ( panel = [ \"0\" ] , layout = [ \"Grid\" ] ) | Collect ( 500 ) ;","Panel ( 0 ) | SetPanelView ( \"visualization\" , \"%7B%22type%22%3A%22standard%22%7D\" ) ;","if ( ( HasDuplicates ( Institution_Name , Lat , Long_1 ) ) , ( Select ( Institution_Name , Lat , Long_1 ) .as ( [ Institution_Name , Lat , Long_1 ] ) | With ( Panel ( 0 ) ) | Format ( type = [ 'table' ] ) | TaskOptions ( { \"0\" : { \"layout\" : \"Map\" , \"alignment\" : { \"label\" : [ \"Institution_Name\" ] , \"latitude\" : [ \"Lat\" ] , \"longitude\" : [ \"Long_1\" ] , \"size\" : [ ] , \"color\" : [ ] , \"tooltip\" : [ ] } } } ) | Collect ( 500 ) ) , ( Select ( Institution_Name , Lat , Long_1 ) .as ( [ Institution_Name , Lat , Long_1 ] ) | With ( Panel ( 0 ) ) | Format ( type = [ 'table' ] ) | TaskOptions ( { \"0\" : { \"layout\" : \"Map\" , \"alignment\" : { \"label\" : [ \"Institution_Name\" ] , \"latitude\" : [ \"Lat\" ] , \"longitude\" : [ \"Long_1\" ] , \"size\" : [ ] , \"color\" : [ ] , \"tooltip\" : [ ] } } } ) | Collect ( 500 ) ) ) ;","Panel ( 0 ) | Clone ( 1 ) ;","ifError ( ( Frame ( ) | Select ( Lat , Institution_Name , Long_1 ) .as ( [ Lat , Institution_Name , Long_1 ] ) | With ( Panel ( 0 ) ) | Format ( type = [ 'table' ] ) | TaskOptions ( { \"0\" : { \"layout\" : \"Map\" , \"alignment\" : { \"latitude\" : [ \"Lat\" ] , \"label\" : [ \"Institution_Name\" ] , \"longitude\" : [ \"Long_1\" ] } } } ) | Collect ( - 1 ) ) , ( true ) ) ;","Panel ( 1 ) | SetPanelView ( \"visualization\" , \"<encode>{\"type\":\"echarts\"}</encode>\" ) ;","if ( ( HasDuplicates ( Top3Majors ) ) , ( Select ( Top3Majors , UniqueCount ( Institution_Name ) ) .as ( [ Top3Majors , UniqueCountofInstitution_Name ] ) | Group ( Top3Majors ) | With ( Panel ( 1 ) ) | Format ( type = [ 'table' ] ) | TaskOptions ( { \"1\" : { \"layout\" : \"Cloud\" , \"alignment\" : { \"label\" : [ \"Top3Majors\" ] , \"value\" : [ \"UniqueCountofInstitution_Name\" ] , \"tooltip\" : [ ] } } } ) | Collect ( 500 ) ) , ( Select ( Top3Majors , Count ( Institution_Name ) ) .as ( [ Top3Majors , CountofInstitution_Name ] ) | Group ( Top3Majors ) | With ( Panel ( 1 ) ) | Format ( type = [ 'table' ] ) | TaskOptions ( { \"1\" : { \"layout\" : \"Cloud\" , \"alignment\" : { \"label\" : [ \"Top3Majors\" ] , \"value\" : [ \"CountofInstitution_Name\" ] , \"tooltip\" : [ ] } } } ) | Collect ( 500 ) ) ) ;","Panel ( 1 ) | Clone ( 2 ) ;","if ( ( HasDuplicates ( Locale_1 ) ) , ( Select ( Locale_1 , UniqueCount ( Institution_Name ) ) .as ( [ Locale_1 , UniqueCountofInstitution_Name ] ) | Group ( Locale_1 ) | With ( Panel ( 2 ) ) | Format ( type = [ 'table' ] ) | TaskOptions ( { \"2\" : { \"layout\" : \"Pie\" , \"alignment\" : { \"label\" : [ \"Locale_1\" ] , \"value\" : [ \"UniqueCountofInstitution_Name\" ] , \"heat\" : [ ] , \"tooltip\" : [ ] , \"facet\" : [ ] } } } ) | Collect ( 500 ) ) , ( Select ( Locale_1 , Count ( Institution_Name ) ) .as ( [ Locale_1 , CountofInstitution_Name ] ) | Group ( Locale_1 ) | With ( Panel ( 2 ) ) | Format ( type = [ 'table' ] ) | TaskOptions ( { \"2\" : { \"layout\" : \"Pie\" , \"alignment\" : { \"label\" : [ \"Locale_1\" ] , \"value\" : [ \"CountofInstitution_Name\" ] , \"heat\" : [ ] , \"tooltip\" : [ ] , \"facet\" : [ ] } } } ) | Collect ( 500 ) ) ) ;","Panel ( 2 ) | Clone ( 3 ) ;","if ( ( HasDuplicates ( Institution_Name ) ) , ( Select ( Institution_Name , Average ( In_state_Tuition ) , Average ( Out_of_state_Tuition ) ) .as ( [ Institution_Name , AverageofIn_state_Tuition , AverageofOut_of_state_Tuition ] ) | Group ( Institution_Name ) | Sort ( columns = [ \"AverageofOut_of_state_Tuition\" ] , sort = [ \"asc\" ] ) | With ( Panel ( 3 ) ) | Format ( type = [ 'table' ] ) | TaskOptions ( { \"3\" : { \"layout\" : \"Column\" , \"alignment\" : { \"label\" : [ \"Institution_Name\" ] , \"value\" : [ \"AverageofIn_state_Tuition\" , \"AverageofOut_of_state_Tuition\" ] , \"tooltip\" : [ ] , \"facet\" : [ ] } } } ) | Collect ( 500 ) ) , ( Select ( Out_of_state_Tuition , In_state_Tuition ) .as ( [ Out_of_state_Tuition , In_state_Tuition ] ) | Sort ( columns = [ \"AverageofOut_of_state_Tuition\" ] , sort = [ \"asc\" ] ) | With ( Panel ( 3 ) ) | Format ( type = [ 'table' ] ) | TaskOptions ( { \"3\" : { \"layout\" : \"Column\" , \"alignment\" : { \"label\" : [ \"Institution_Name\" ] , \"value\" : [ \"In_state_Tuition\" , \"Out_of_state_Tuition\" ] , \"tooltip\" : [ ] , \"facet\" : [ ] } } } ) | Collect ( 500 ) ) ) ;","if ( ( HasDuplicates ( Institution_Name , Lat , Long_1 , SAT_Range ) ) , ( Select ( Institution_Name , Lat , Long_1 , SAT_Range ) .as ( [ Institution_Name , Lat , Long_1 , SAT_Range ] ) | With ( Panel ( 0 ) ) | Format ( type = [ 'table' ] ) | TaskOptions ( { \"0\" : { \"layout\" : \"Map\" , \"alignment\" : { \"label\" : [ \"Institution_Name\" ] , \"latitude\" : [ \"Lat\" ] , \"longitude\" : [ \"Long_1\" ] , \"size\" : [ ] , \"color\" : [ \"SAT_Range\" ] , \"tooltip\" : [ ] } } } ) | Collect ( - 1 ) ) , ( Select ( Institution_Name , Lat , Long_1 , SAT_Range ) .as ( [ Institution_Name , Lat , Long_1 , SAT_Range ] ) | With ( Panel ( 0 ) ) | Format ( type = [ 'table' ] ) | TaskOptions ( { \"0\" : { \"layout\" : \"Map\" , \"alignment\" : { \"label\" : [ \"Institution_Name\" ] , \"latitude\" : [ \"Lat\" ] , \"longitude\" : [ \"Long_1\" ] , \"size\" : [ ] , \"color\" : [ \"SAT_Range\" ] , \"tooltip\" : [ ] } } } ) | Collect ( - 1 ) ) ) ;","Panel ( 0 ) | AddPanelOrnaments ( { \"tools\" : { \"shared\" : { \"colorName\" : \"Eight\" , \"color\" : { } , \"backgroundColor\" : \"#FFFFFF\" } } } ) ;","Panel ( 0 ) | RetrievePanelOrnaments ( \"tools\" ) ;","Panel ( 1 ) | AddPanelOrnaments ( { \"tools\" : { \"shared\" : { \"colorName\" : \"Eight\" , \"color\" : { \"UniqueCountofInstitution Name\" : \"#F1433F\" } , \"backgroundColor\" : \"#FFFFFF\" } } } ) ;","Panel ( 1 ) | RetrievePanelOrnaments ( \"tools\" ) ;","Panel ( 2 ) | AddPanelOrnaments ( { \"tools\" : { \"shared\" : { \"colorName\" : \"Eight\" , \"color\" : { \"City\" : \"#F1433F\" , \"Rural\" : \"#660066\" , \"Suburb\" : \"#F7E967\" , \"Town\" : \"#B3CF8B\" } , \"backgroundColor\" : \"#FFFFFF\" } } } ) ;","Panel ( 2 ) | RetrievePanelOrnaments ( \"tools\" ) ;","Panel ( 2 ) | AddPanelOrnaments ( { \"tools\" : { \"shared\" : { \"toggleDonut\" : true } } } ) ;","Panel ( 2 ) | RetrievePanelOrnaments ( \"tools.shared.toggleDonut\" ) ;","Panel ( 3 ) | AddPanelOrnaments ( { \"tools\" : { \"shared\" : { \"colorName\" : \"Eight\" , \"color\" : { \"AverageofIn state Tuition\" : \"#F1433F\" , \"AverageofOut of state Tuition\" : \"#660066\" } , \"backgroundColor\" : \"#FFFFFF\" } } } ) ;","Panel ( 3 ) | RetrievePanelOrnaments ( \"tools\" ) ;","Panel ( 3 ) | Clone ( 4 ) ;","Panel ( 4 ) | AddPanelConfig ( config = [ { \"config\" : { \"type\" : \"COLLAPSIBLE\" , \"opacity\" : 100 , \"subType\" : \"\" } , \"label\" : \"State_1 Filter\" } ] ) ;","Panel ( 4 ) | SetPanelView ( \"DashboardFilter\" ) ;","Panel ( 4 ) | AddPanelOrnaments ( { \"dashboardFilter\" : { \"singleSelect\" : \"Multi Select\" , \"viewType\" : \"List\" , \"instances\" : [ \"State_1\" ] } } ) | RetrievePanelOrnaments ( \"dashboardFilter\" ) ;","Panel ( 4 ) | Clone ( 5 ) ;","Panel ( 5 ) | AddPanelConfig ( config = [ { \"config\" : { \"type\" : \"COLLAPSIBLE\" , \"opacity\" : 100 , \"subType\" : \"\" } , \"label\" : \"Undergrad_Enrollment Filter\" } ] ) ;","Panel ( 5 ) | SetPanelView ( \"DashboardFilter\" ) ;","Panel ( 5 ) | AddPanelOrnaments ( { \"dashboardFilter\" : { \"singleSelect\" : \"Multi Select\" , \"viewType\" : \"List\" , \"instances\" : [ \"Undergrad_Enrollment\" ] } } ) | RetrievePanelOrnaments ( \"dashboardFilter\" ) ;","Panel ( 5 ) | Clone ( 6 ) ;","Panel ( 6 ) | AddPanelConfig ( config = [ { \"config\" : { \"type\" : \"COLLAPSIBLE\" , \"opacity\" : 100 , \"subType\" : \"\" } , \"label\" : \"Adm_Rate Filter\" } ] ) ;","Panel ( 6 ) | SetPanelView ( \"DashboardFilter\" ) ;","Panel ( 6 ) | AddPanelOrnaments ( { \"dashboardFilter\" : { \"singleSelect\" : \"Multi Select\" , \"viewType\" : \"List\" , \"instances\" : [ \"Adm_Rate\" ] } } ) | RetrievePanelOrnaments ( \"dashboardFilter\" ) ;","Panel ( 0 ) | SetPanelLabel ( \"Mapping by SAT Score Range\" ) ;","Panel ( 1 ) | SetPanelLabel ( \"Majors Word Cloud\" ) ;","Panel ( 2 ) | SetPanelLabel ( \"Pie Chart of Locale\" ) ;","Panel ( 3 ) | SetPanelLabel ( \"Column Chart of Tuition\" ) ;","Panel ( 0 ) | AddPanelEvents ( { \"onSingleClick\" : { \"filter\" : [ { \"panel\" : \"\" , \"query\" : \"SetFrameFilter(%3CSelectedColumn%3E%3D%3D%3CSelectedValues%3E)%3B\" , \"options\" : { } , \"refresh\" : true , \"disabledVisuals\" : [ ] } ] } } ) ;","Panel ( 0 ) | RetrievePanelEvents ( ) ;","Panel ( 2 ) | AddPanelEvents ( { \"onDoubleClick\" : { \"filter\" : [ { \"panel\" : \"\" , \"query\" : \"SetFrameFilter(%3CSelectedColumn%3E%3D%3D%3CSelectedValues%3E)%3B\" , \"options\" : { } , \"refresh\" : true , \"disabledVisuals\" : [ ] } ] } } ) ;","Panel ( 2 ) | RetrievePanelEvents ( ) ;"]}